id,first_name,last_name,email,gender,car_make,race,freq_app_visit
1,Elianora,Vedeneev,evedeneev0@sphinn.com,Female,BMW,Puerto Rican,Never
2,Caritta,Hanmore,chanmore1@mit.edu,Female,Pontiac,Yaqui,Seldom
3,Cherye,Verry,cverry2@privacy.gov.au,Female,Maserati,Kiowa,Often
4,Andy,Kiddy,akiddy3@blogs.com,Female,Chevrolet,Puerto Rican,Seldom
5,Louella,Abraham,labraham4@tumblr.com,Female,Audi,Honduran,Often
6,Rogerio,Treverton,rtreverton5@irs.gov,Male,Kia,Samoan,Never
7,Ferdie,Crump,fcrump6@usnews.com,Male,Ford,Peruvian,Often
8,Nestor,Tydd,ntydd7@smugmug.com,Male,BMW,Tohono O'Odham,Yearly
9,Wernher,Argue,wargue8@ca.gov,Male,Subaru,Sri Lankan,Never
10,Tansy,Jeff,tjeff9@free.fr,Genderfluid,Mercedes-Benz,Asian Indian,Yearly
11,Kendall,Gofton,kgoftona@rakuten.co.jp,Male,BMW,Yakama,Often
12,Merrill,Verling,mverlingb@netvibes.com,Female,Chevrolet,Thai,Never
13,Westley,Tomasoni,wtomasonic@ca.gov,Male,Hyundai,White,Daily
14,Keelby,Oxer,koxerd@weebly.com,Male,Pontiac,Yaqui,Seldom
15,Dwight,Wheway,dwhewaye@skype.com,Male,Toyota,Lumbee,Once
16,Artie,Abrami,aabramif@dyndns.org,Male,Chevrolet,Venezuelan,Monthly
17,Annecorinne,Filipovic,afilipovicg@sourceforge.net,Female,Chevrolet,Ecuadorian,Weekly
18,Ewan,Arnull,earnullh@ifeng.com,Male,Lexus,Yaqui,Seldom
19,Venus,Harle,vharlei@digg.com,Polygender,Volvo,Asian,Monthly
20,Pail,Thorley,pthorleyj@goo.ne.jp,Male,Chevrolet,Colville,Once
21,Janina,Duckett,jduckettk@pcworld.com,Female,Pontiac,Chippewa,Never
22,Diannne,Corkett,dcorkettl@goo.gl,Female,Jeep,Spaniard,Seldom
23,Mellicent,Coraini,mcorainim@miibeian.gov.cn,Bigender,Ford,Japanese,Once
24,Jenifer,Sange,jsangen@un.org,Female,Mercury,Puerto Rican,Yearly
25,Theadora,Mayhou,tmayhouo@ox.ac.uk,Female,Mercedes-Benz,Creek,Daily
26,Laurent,MacElane,lmacelanep@china.com.cn,Genderqueer,Cadillac,Alaska Native,Weekly
27,Tabor,Southcomb,tsouthcombq@purevolume.com,Male,Ford,Asian,Once
28,Friederike,Di Bartolomeo,fdibartolomeor@wordpress.org,Female,Mazda,Dominican (Dominican Republic),Daily
29,Tan,Scampion,tscampions@t.co,Male,Mazda,Sri Lankan,Daily
30,Freddie,Coole,fcoolet@digg.com,Female,Mitsubishi,Eskimo,Yearly
31,Freddi,Stitwell,fstitwellu@kickstarter.com,Female,Volkswagen,American Indian,Often
32,Bambie,Sauvain,bsauvainv@posterous.com,Female,Chrysler,Seminole,Weekly
33,Sansone,Steeden,ssteedenw@cdc.gov,Male,Nissan,Dominican (Dominican Republic),Seldom
34,Carey,Witchell,cwitchellx@imageshack.us,Male,Nissan,Samoan,Weekly
35,Lenora,Trounson,ltrounsony@hud.gov,Genderfluid,Jaguar,Tohono O'Odham,Yearly
36,Hyacintha,Mettricke,hmettrickez@whitehouse.gov,Female,Toyota,Cuban,Often
37,Gregor,Skelton,gskelton10@free.fr,Male,Honda,Colombian,Seldom
38,Keane,Peyzer,kpeyzer11@quantcast.com,Male,Daewoo,Samoan,Yearly
39,Aubine,Luigi,aluigi12@go.com,Female,Jaguar,Lumbee,Monthly
40,Keely,Hunn,khunn13@house.gov,Genderfluid,Dodge,Samoan,Never
41,Radcliffe,Absolom,rabsolom14@wordpress.com,Male,Audi,Asian,Monthly
42,Randy,Miranda,rmiranda15@gov.uk,Male,Buick,Costa Rican,Weekly
43,Teodoro,Antic,tantic16@census.gov,Male,GMC,Ute,Yearly
44,Marjory,Gilhooly,mgilhooly17@blogs.com,Female,Nissan,Uruguayan,Monthly
45,Denny,Winters,dwinters18@goo.gl,Female,Pontiac,Chickasaw,Once
46,Cherianne,Iskowicz,ciskowicz19@senate.gov,Female,Mazda,Guamanian,Never
47,Northrup,Jachimak,njachimak1a@so-net.ne.jp,Male,Audi,Kiowa,Yearly
48,Perice,Molyneux,pmolyneux1b@google.nl,Male,Kia,Sioux,Never
49,Giselle,Jagels,gjagels1c@mtv.com,Female,Porsche,Indonesian,Yearly
50,Benedikta,Luna,bluna1d@kickstarter.com,Female,GMC,White,Monthly
51,Avis,Anstee,aanstee1e@columbia.edu,Female,Dodge,Eskimo,Weekly
52,Chandler,Smalecombe,csmalecombe1f@php.net,Polygender,Toyota,Yuman,Seldom
53,Greg,Goaks,ggoaks1g@abc.net.au,Male,Lincoln,Colombian,Daily
54,Balduin,Parsall,bparsall1h@yellowpages.com,Male,Maserati,Chilean,Once
55,Loralie,Friedank,lfriedank1i@columbia.edu,Female,GMC,Uruguayan,Monthly
56,Micky,Crossthwaite,mcrossthwaite1j@npr.org,Male,Porsche,Nicaraguan,Monthly
57,Lari,Krysiak,lkrysiak1k@irs.gov,Female,Land Rover,Bolivian,Yearly
58,Helenelizabeth,Joannic,hjoannic1l@mapquest.com,Female,Mitsubishi,Colombian,Often
59,Emma,Campo,ecampo1m@storify.com,Female,Saab,Hmong,Once
60,Mozelle,Rowcliffe,mrowcliffe1n@t.co,Female,Toyota,Melanesian,Yearly
61,Breena,Purkins,bpurkins1o@sitemeter.com,Female,Ford,Kiowa,Seldom
62,Mamie,Pactat,mpactat1p@taobao.com,Female,GMC,Japanese,Once
63,Tymothy,Poltun,tpoltun1q@dyndns.org,Male,Subaru,Alaska Native,Monthly
64,Ferdinande,MacCracken,fmaccracken1r@google.co.jp,Female,Buick,Salvadoran,Seldom
65,Reynolds,Sommerton,rsommerton1s@networksolutions.com,Male,Cadillac,Laotian,Seldom
66,Northrup,Spinney,nspinney1t@google.pl,Male,Porsche,Polynesian,Yearly
67,Ansel,Ludlam,aludlam1u@bloglovin.com,Male,Ford,Guatemalan,Seldom
68,Boyd,Mcwhinnie,bmcwhinnie1v@mtv.com,Male,Ford,Argentinian,Once
69,Kirbie,Tallach,ktallach1w@ning.com,Female,Jeep,Native Hawaiian and Other Pacific Islander (NHPI),Weekly
70,Lyndy,Lies,llies1x@trellian.com,Female,Honda,Puerto Rican,Daily
71,Marieann,Hindhaugh,mhindhaugh1y@ovh.net,Female,Mazda,Menominee,Often
72,Tory,Stickels,tstickels1z@un.org,Female,Lexus,Uruguayan,Never
73,Emera,Tropman,etropman20@amazon.co.uk,Female,BMW,Dominican (Dominican Republic),Seldom
74,Abie,Rains,arains21@marketwatch.com,Male,Cadillac,Houma,Monthly
75,Itch,Kliement,ikliement22@fotki.com,Male,Honda,Comanche,Seldom
76,Edwin,Liven,eliven23@bbb.org,Male,Land Rover,Chamorro,Daily
77,Vite,Cursey,vcursey24@delicious.com,Male,Nissan,Costa Rican,Daily
78,Tibold,Greensall,tgreensall25@google.co.uk,Male,BMW,American Indian,Monthly
79,Rustin,Olivey,rolivey26@a8.net,Male,Dodge,Cherokee,Yearly
80,Wolfy,Kacheller,wkacheller27@plala.or.jp,Male,Dodge,Yakama,Once
81,Silvan,Caley,scaley28@springer.com,Male,Jeep,Black or African American,Seldom
82,Misha,Curlis,mcurlis29@ihg.com,Female,Cadillac,Cambodian,Never
83,Allina,Clampe,aclampe2a@printfriendly.com,Female,Merkur,Yaqui,Once
84,Mallissa,Llorente,mllorente2b@bbc.co.uk,Female,Porsche,Pakistani,Weekly
85,Justis,Kopecka,jkopecka2c@vinaora.com,Male,BMW,Filipino,Yearly
86,Karil,Iapico,kiapico2d@chronoengine.com,Female,Mazda,Micronesian,Monthly
87,Dwayne,Gregr,dgregr2e@deviantart.com,Male,Lexus,Argentinian,Monthly
88,Ethelda,Balnaves,ebalnaves2f@harvard.edu,Female,Toyota,Ute,Monthly
89,Jacquelyn,Scanlan,jscanlan2g@bandcamp.com,Female,Ford,Sri Lankan,Often
90,Augie,Twigger,atwigger2h@huffingtonpost.com,Male,Mitsubishi,Alaskan Athabascan,Often
91,Griffin,Bourbon,gbourbon2i@networkadvertising.org,Male,Subaru,Pueblo,Often
92,Maximilien,Frick,mfrick2j@google.nl,Male,Buick,Pueblo,Often
93,Quentin,Roadknight,qroadknight2k@icio.us,Female,Toyota,Hmong,Never
94,Gaile,Denziloe,gdenziloe2l@china.com.cn,Male,Lincoln,Fijian,Never
95,Barbee,Balaison,bbalaison2m@tamu.edu,Female,Ford,Cherokee,Seldom
96,Skipton,Braam,sbraam2n@yandex.ru,Polygender,GMC,Polynesian,Never
97,Anderea,Bosenworth,abosenworth2o@istockphoto.com,Female,Kia,Houma,Often
98,Christyna,Marrow,cmarrow2p@google.pl,Female,Subaru,Argentinian,Monthly
99,Morganne,Hunnybun,mhunnybun2q@bizjournals.com,Agender,GMC,Creek,Often
100,Hi,Delacoste,hdelacoste2r@biglobe.ne.jp,Male,Chevrolet,Micronesian,Monthly
101,Brice,Poundford,bpoundford2s@google.it,Male,GMC,Chilean,Often
102,Sigfried,Lipson,slipson2t@mozilla.com,Male,Ford,Dominican (Dominican Republic),Once
103,Lynnette,Syphas,lsyphas2u@blogger.com,Female,Alfa Romeo,Iroquois,Seldom
104,Verena,Esby,vesby2v@bravesites.com,Female,Lexus,American Indian,Never
105,Johna,Clendening,jclendening2w@miibeian.gov.cn,Female,Land Rover,Delaware,Often
106,Evan,Mansuer,emansuer2x@microsoft.com,Male,Land Rover,Korean,Once
107,Devi,Cheesworth,dcheesworth2y@usatoday.com,Female,Aston Martin,Blackfeet,Yearly
108,Dolley,Shwenn,dshwenn2z@columbia.edu,Female,MINI,Native Hawaiian,Once
109,Belita,Annatt,bannatt30@discovery.com,Female,Chrysler,Alaskan Athabascan,Monthly
110,Jaimie,Fallowes,jfallowes31@google.com,Male,Toyota,Cheyenne,Often
111,Waring,Tidcomb,wtidcomb32@amazon.com,Polygender,Chrysler,Melanesian,Once
112,Jany,Morsley,jmorsley33@nydailynews.com,Female,Mercury,Native Hawaiian and Other Pacific Islander (NHPI),Weekly
113,Kellia,Ebbrell,kebbrell34@gnu.org,Female,Ford,Blackfeet,Once
114,Tansy,Troubridge,ttroubridge35@bravesites.com,Female,Isuzu,American Indian and Alaska Native (AIAN),Monthly
115,Merrill,Hemmingway,mhemmingway36@npr.org,Female,Chevrolet,Laotian,Once
116,Carri,Sodor,csodor37@apple.com,Female,Mitsubishi,Thai,Seldom
117,Keith,Bott,kbott38@nydailynews.com,Male,Hyundai,Filipino,Weekly
118,Kevin,Prowse,kprowse39@noaa.gov,Male,Oldsmobile,Taiwanese,Weekly
119,Salvidor,Goodayle,sgoodayle3a@wunderground.com,Male,Dodge,Japanese,Often
120,Egon,Mitkov,emitkov3b@ftc.gov,Male,Mitsubishi,Laotian,Weekly
121,Heinrik,Petrelli,hpetrelli3c@apache.org,Male,Isuzu,Bangladeshi,Daily
122,Ches,Oppery,coppery3d@taobao.com,Male,Honda,Venezuelan,Never
123,Nathanial,Bottle,nbottle3e@biglobe.ne.jp,Male,Subaru,Chickasaw,Yearly
124,Esmeralda,Eccleston,eeccleston3f@zdnet.com,Female,Lexus,Sioux,Once
125,Oralia,Romei,oromei3g@about.com,Female,Ford,Costa Rican,Once
126,Agnesse,Gillson,agillson3h@fc2.com,Female,Saturn,Guamanian,Often
127,Hirsch,MacGarrity,hmacgarrity3i@bloomberg.com,Male,Porsche,Chamorro,Monthly
128,Chrysler,Glowach,cglowach3j@google.fr,Female,Chevrolet,Comanche,Once
129,Brandy,Greswell,bgreswell3k@ox.ac.uk,Male,Infiniti,American Indian and Alaska Native (AIAN),Once
130,Ingmar,Sutherby,isutherby3l@mit.edu,Male,Ford,Guamanian,Daily
131,Barbe,Hanton,bhanton3m@unesco.org,Female,Pontiac,Cheyenne,Yearly
132,Rossie,Archibold,rarchibold3n@foxnews.com,Male,Chevrolet,Chickasaw,Often
133,Denver,Mussen,dmussen3o@wix.com,Male,Dodge,Salvadoran,Daily
134,Ranna,Wildgoose,rwildgoose3p@linkedin.com,Female,Porsche,Colville,Once
135,Emmalyn,Woodcock,ewoodcock3q@seattletimes.com,Female,Volvo,Melanesian,Monthly
136,Shara,Hellin,shellin3r@blogspot.com,Female,Infiniti,Menominee,Once
137,Quentin,Whitelaw,qwhitelaw3s@discovery.com,Female,Mercedes-Benz,Paiute,Often
138,Krysta,Finding,kfinding3t@admin.ch,Female,Toyota,Tongan,Often
139,Renado,Whates,rwhates3u@reuters.com,Male,Honda,Chinese,Yearly
140,Ardelle,Gerdts,agerdts3v@usa.gov,Female,Acura,American Indian,Monthly
141,Ricoriki,Riglesford,rriglesford3w@google.com.au,Male,Pontiac,Chickasaw,Weekly
142,Walliw,Docksey,wdocksey3x@google.fr,Female,Land Rover,Puget Sound Salish,Once
143,Silvanus,Doumerque,sdoumerque3y@webeden.co.uk,Male,Toyota,Fijian,Never
144,Corey,Switland,cswitland3z@edublogs.org,Female,Acura,American Indian and Alaska Native (AIAN),Once
145,Jdavie,Mahaddie,jmahaddie40@i2i.jp,Male,Infiniti,Pima,Monthly
146,Frayda,Simond,fsimond41@google.pl,Female,Chevrolet,Tlingit-Haida,Monthly
147,Mirabel,Luggar,mluggar42@sciencedaily.com,Female,BMW,Samoan,Weekly
148,Valeria,Stiegers,vstiegers43@alexa.com,Female,Ford,Samoan,Often
149,Marcelle,Johl,mjohl44@mtv.com,Female,Honda,Iroquois,Often
150,Bab,Easterling,beasterling45@hud.gov,Non-binary,Nissan,Venezuelan,Never
151,Nickolas,Drake,ndrake46@columbia.edu,Male,Volkswagen,Dominican (Dominican Republic),Seldom
152,Rufus,Bushen,rbushen47@clickbank.net,Male,BMW,Tohono O'Odham,Weekly
153,Nate,Hancorn,nhancorn48@nasa.gov,Male,Ford,Houma,Often
154,Emmye,Jerrolt,ejerrolt49@shutterfly.com,Female,Pontiac,Chilean,Yearly
155,Lazare,Olyunin,lolyunin4a@example.com,Male,Pontiac,Cherokee,Often
156,Mortie,Downton,mdownton4b@vistaprint.com,Male,Kia,Guatemalan,Often
157,Brion,Wainscoat,bwainscoat4c@hc360.com,Male,Dodge,Shoshone,Daily
158,Brander,Burnand,bburnand4d@theatlantic.com,Male,Nissan,Puerto Rican,Often
159,Theresita,Sawle,tsawle4e@home.pl,Female,Chevrolet,Mexican,Yearly
160,Dolley,Choppen,dchoppen4f@harvard.edu,Female,GMC,Chippewa,Monthly
161,Andie,Byllam,abyllam4g@technorati.com,Male,Nissan,Micronesian,Daily
162,Cassandre,Decreuze,cdecreuze4h@answers.com,Bigender,Lincoln,Melanesian,Seldom
163,Olvan,Stallworthy,ostallworthy4i@tmall.com,Male,Pontiac,Blackfeet,Once
164,Trueman,Celler,tceller4j@huffingtonpost.com,Male,Dodge,Guamanian,Weekly
165,Barris,Brigdale,bbrigdale4k@hc360.com,Male,Kia,Chippewa,Yearly
166,Sheridan,Kardos-Stowe,skardosstowe4l@arstechnica.com,Male,Audi,Houma,Once
167,Elmo,Conradie,econradie4m@tinyurl.com,Male,Nissan,Alaskan Athabascan,Once
168,Kara,Begent,kbegent4n@bizjournals.com,Female,Mercedes-Benz,Laotian,Once
169,Gennifer,Hasely,ghasely4o@e-recht24.de,Female,BMW,Cherokee,Often
170,Randie,Josh,rjosh4p@arizona.edu,Female,Jaguar,Cheyenne,Monthly
171,Bay,Mac,bmac4q@spiegel.de,Male,Cadillac,Uruguayan,Monthly
172,Shepard,Plait,splait4r@cnet.com,Male,Dodge,Alaska Native,Once
173,Kaila,Penvarne,kpenvarne4s@51.la,Female,Honda,Uruguayan,Once
174,Franny,Huke,fhuke4t@mediafire.com,Genderqueer,Ford,American Indian,Weekly
175,Katerina,Monksfield,kmonksfield4u@acquirethisname.com,Genderqueer,Porsche,Chippewa,Daily
176,Nichole,Hughf,nhughf4v@printfriendly.com,Female,Ford,Pima,Once
177,Dagny,Iffe,diffe4w@usatoday.com,Male,Subaru,Chickasaw,Daily
178,Ingaborg,Mathonnet,imathonnet4x@reddit.com,Female,Mazda,Houma,Often
179,Gilberto,Farncomb,gfarncomb4y@wufoo.com,Male,Acura,Taiwanese,Often
180,Artie,Vawton,avawton4z@ucoz.com,Male,Cadillac,Tlingit-Haida,Weekly
181,Keene,Chadderton,kchadderton50@cargocollective.com,Male,Ford,Guamanian,Weekly
182,Elset,Benny,ebenny51@delicious.com,Female,Pontiac,Costa Rican,Once
183,Shelley,Jeram,sjeram52@mediafire.com,Male,Maserati,Chilean,Monthly
184,Baxter,Barwack,bbarwack53@usa.gov,Male,Audi,Micronesian,Never
185,Lemmy,Eynaud,leynaud54@npr.org,Male,Honda,Salvadoran,Daily
186,Tildy,Pocklington,tpocklington55@list-manage.com,Female,Volkswagen,Tongan,Weekly
187,Valdemar,Davenhall,vdavenhall56@state.gov,Male,Honda,Chickasaw,Yearly
188,Clevie,Mingus,cmingus57@webs.com,Male,Audi,Tlingit-Haida,Monthly
189,Delores,Nicholls,dnicholls58@senate.gov,Female,Lotus,Yakama,Yearly
190,Claudianus,Deans,cdeans59@mtv.com,Male,Volkswagen,Honduran,Weekly
191,Ianthe,Withers,iwithers5a@goo.gl,Female,Cadillac,Thai,Weekly
192,Meta,Kimmel,mkimmel5b@mlb.com,Bigender,Mazda,Black or African American,Weekly
193,Renault,Kerrod,rkerrod5c@telegraph.co.uk,Male,Hyundai,Sri Lankan,Never
194,Phaidra,Edworthy,pedworthy5d@ycombinator.com,Female,Subaru,Chinese,Yearly
195,Forrest,Sidebottom,fsidebottom5e@chicagotribune.com,Male,BMW,Lumbee,Often
196,Corabella,Jobson,cjobson5f@typepad.com,Female,Mitsubishi,Central American,Daily
197,Lonnard,Bernardini,lbernardini5g@mayoclinic.com,Male,Lincoln,Menominee,Yearly
198,Jessy,Dominico,jdominico5h@zdnet.com,Female,Lexus,Native Hawaiian,Once
199,Delainey,Blaymires,dblaymires5i@tripadvisor.com,Male,Porsche,Choctaw,Yearly
200,Laetitia,Pitkeathley,lpitkeathley5j@ning.com,Female,Lamborghini,Delaware,Never
201,Evangelia,Draude,edraude5k@bloomberg.com,Female,Aston Martin,Nicaraguan,Weekly
202,Craggy,Valett,cvalett5l@usa.gov,Genderqueer,GMC,Costa Rican,Often
203,Susan,Goward,sgoward5m@marketwatch.com,Female,Nissan,Native Hawaiian,Seldom
204,Dorian,Bretherick,dbretherick5n@archive.org,Male,Suzuki,Potawatomi,Once
205,Sayres,Balsdon,sbalsdon5o@vk.com,Male,Mazda,Venezuelan,Never
206,Patience,Barwood,pbarwood5p@rakuten.co.jp,Female,Chevrolet,Puerto Rican,Monthly
207,Sherri,Slobom,sslobom5q@mashable.com,Female,Mercedes-Benz,Indonesian,Often
208,Mohandas,Sharram,msharram5r@house.gov,Male,Ford,Paiute,Never
209,Regan,Weblin,rweblin5s@tripadvisor.com,Female,Toyota,Black or African American,Seldom
210,Domini,Brigham,dbrigham5t@ted.com,Female,Mitsubishi,American Indian and Alaska Native (AIAN),Often
211,Sutherlan,Yglesia,syglesia5u@shinystat.com,Male,Mercedes-Benz,Iroquois,Once
212,Fanchette,Breydin,fbreydin5v@prlog.org,Bigender,Oldsmobile,Bolivian,Once
213,Roxi,Addams,raddams5w@hc360.com,Female,MINI,Chickasaw,Daily
214,Laurella,MacCleod,lmaccleod5x@redcross.org,Female,Lotus,Navajo,Daily
215,Forbes,Santhouse,fsanthouse5y@aol.com,Polygender,Chrysler,Venezuelan,Once
216,Zared,Cave,zcave5z@bloomberg.com,Male,Subaru,Bolivian,Never
217,Wait,Bennett,wbennett60@auda.org.au,Male,Buick,Venezuelan,Yearly
218,Chaunce,O'Hagerty,cohagerty61@tiny.cc,Polygender,GMC,Taiwanese,Weekly
219,Franklin,Dunkerly,fdunkerly62@hc360.com,Bigender,Chevrolet,Chilean,Never
220,Blakelee,Comino,bcomino63@cloudflare.com,Female,Pontiac,Yaqui,Seldom
221,Link,Showt,lshowt64@usatoday.com,Male,Maybach,Melanesian,Once
222,Julianna,Meech,jmeech65@cisco.com,Female,Mazda,Japanese,Weekly
223,Taber,Pickwell,tpickwell66@flickr.com,Male,Dodge,American Indian,Yearly
224,Madelene,Emmert,memmert67@reverbnation.com,Polygender,Oldsmobile,Ottawa,Never
225,Tonie,Chippindall,tchippindall68@ow.ly,Female,Cadillac,Cree,Weekly
226,Trixie,Coffey,tcoffey69@cisco.com,Female,Dodge,Paiute,Once
227,Giuditta,Dundridge,gdundridge6a@tmall.com,Female,Pontiac,Malaysian,Seldom
228,Brook,Cashen,bcashen6b@netscape.com,Female,Mazda,Chickasaw,Monthly
229,Nevin,Sorbey,nsorbey6c@wired.com,Male,Volkswagen,Menominee,Once
230,Bridget,Steabler,bsteabler6d@dyndns.org,Female,Toyota,Chippewa,Weekly
231,Thomasina,Jamieson,tjamieson6e@squidoo.com,Female,Hyundai,Central American,Monthly
232,Ranice,Koba,rkoba6f@flickr.com,Female,Maserati,Argentinian,Daily
233,Correy,Douche,cdouche6g@histats.com,Male,Volvo,Sri Lankan,Often
234,Clarissa,Sellers,csellers6h@nature.com,Female,Geo,Seminole,Weekly
235,Zollie,Petroff,zpetroff6i@admin.ch,Male,Mercedes-Benz,Pueblo,Weekly
236,Harriett,Absolon,habsolon6j@wp.com,Female,Volkswagen,Paiute,Seldom
237,Herve,Gerckens,hgerckens6k@youku.com,Male,Mazda,Tohono O'Odham,Daily
238,Elka,Derham,ederham6l@hud.gov,Female,Isuzu,Chilean,Often
239,Karin,Geraud,kgeraud6m@nhs.uk,Female,Chevrolet,Asian Indian,Seldom
240,Trace,Disdel,tdisdel6n@timesonline.co.uk,Non-binary,Toyota,Tlingit-Haida,Yearly
241,Nomi,Dickinson,ndickinson6o@gov.uk,Female,Chevrolet,Alaskan Athabascan,Never
242,Karim,Schrieves,kschrieves6p@uiuc.edu,Male,Lincoln,Chippewa,Never
243,Chelsea,Gratrix,cgratrix6q@eventbrite.com,Female,Mercedes-Benz,Bangladeshi,Weekly
244,Lucius,Dorrins,ldorrins6r@virginia.edu,Male,Mitsubishi,Thai,Yearly
245,Carlita,Abrahmovici,cabrahmovici6s@instagram.com,Female,GMC,Crow,Weekly
246,Dode,Gurnay,dgurnay6t@altervista.org,Female,GMC,Houma,Once
247,Chevalier,Eglington,ceglington6u@nba.com,Male,Cadillac,Native Hawaiian and Other Pacific Islander (NHPI),Never
248,Rafaela,Dudenie,rdudenie6v@yale.edu,Female,Jeep,Houma,Daily
249,Tresa,Quakley,tquakley6w@alibaba.com,Female,Infiniti,Thai,Often
250,Daphene,Chapelhow,dchapelhow6x@stumbleupon.com,Female,Ford,Cheyenne,Seldom
251,Iain,Govenlock,igovenlock6y@google.fr,Male,Volkswagen,Sri Lankan,Daily
252,Gunner,Keenor,gkeenor6z@mayoclinic.com,Male,Infiniti,Hmong,Yearly
253,Rusty,Hazzard,rhazzard70@msn.com,Male,Chevrolet,Ottawa,Monthly
254,Georgi,Whiteoak,gwhiteoak71@linkedin.com,Male,Lexus,Pima,Never
255,Thurstan,Francomb,tfrancomb72@photobucket.com,Male,Mitsubishi,Apache,Never
256,Mitchael,Helbeck,mhelbeck73@furl.net,Male,Mercedes-Benz,Lumbee,Yearly
257,Cheryl,Reignolds,creignolds74@dropbox.com,Female,BMW,Menominee,Seldom
258,Bride,Cholwell,bcholwell75@hud.gov,Female,Mitsubishi,Thai,Often
259,Camellia,Smallpeace,csmallpeace76@spiegel.de,Female,Volkswagen,Panamanian,Daily
260,Pepe,Towe,ptowe77@tumblr.com,Male,Mitsubishi,Navajo,Never
261,Silva,Oehme,soehme78@webeden.co.uk,Female,Cadillac,Asian,Seldom
262,Ben,Skeath,bskeath79@seattletimes.com,Male,Plymouth,Chinese,Once
263,Fredric,Stickells,fstickells7a@gnu.org,Male,Mitsubishi,Seminole,Yearly
264,Camile,Somers,csomers7b@nydailynews.com,Female,Chrysler,Puerto Rican,Monthly
265,Dian,Jaeggi,djaeggi7c@xing.com,Female,Ford,Tongan,Yearly
266,Harrie,Seagrave,hseagrave7d@wisc.edu,Female,Pontiac,Tongan,Monthly
267,Trista,Chitty,tchitty7e@si.edu,Female,Mercedes-Benz,Malaysian,Seldom
268,Worth,Jarred,wjarred7f@google.com.hk,Male,Nissan,Spaniard,Weekly
269,Georges,Stirgess,gstirgess7g@about.com,Male,Infiniti,Samoan,Once
270,Vincent,Baszniak,vbaszniak7h@wsj.com,Male,Toyota,Cuban,Weekly
271,Vidovik,Illwell,villwell7i@webs.com,Male,Ford,Chickasaw,Monthly
272,Drew,Basezzi,dbasezzi7j@ucsd.edu,Male,Pontiac,Samoan,Once
273,Iorgos,Speachley,ispeachley7k@sun.com,Male,Mercedes-Benz,Cuban,Daily
274,Hans,Vasyutin,hvasyutin7l@xrea.com,Male,Honda,Cuban,Yearly
275,Amory,Gravey,agravey7m@unesco.org,Male,Buick,Cheyenne,Weekly
276,Ken,Leffek,kleffek7n@uiuc.edu,Male,Buick,Colville,Once
277,Loretta,O' Kelleher,lokelleher7o@nature.com,Female,Infiniti,Nicaraguan,Daily
278,Howey,Ranklin,hranklin7p@umich.edu,Polygender,Oldsmobile,Potawatomi,Daily
279,Dreddy,Mapson,dmapson7q@infoseek.co.jp,Female,BMW,Native Hawaiian and Other Pacific Islander (NHPI),Often
280,Doyle,Delea,ddelea7r@thetimes.co.uk,Male,Chevrolet,Cuban,Often
281,Kevyn,Iorizzo,kiorizzo7s@unicef.org,Female,Mitsubishi,Iroquois,Often
282,Aluino,Augar,aaugar7t@telegraph.co.uk,Male,Audi,Eskimo,Seldom
283,Desiree,Ketcher,dketcher7u@nsw.gov.au,Female,GMC,Laotian,Once
284,Goldia,Crozier,gcrozier7v@businesswire.com,Female,GMC,Indonesian,Once
285,Elianora,Hugk,ehugk7w@linkedin.com,Female,Mercury,Seminole,Monthly
286,Carlos,Ream,cream7x@webs.com,Male,Nissan,Black or African American,Weekly
287,Adda,Cuardall,acuardall7y@slashdot.org,Female,Aston Martin,Chinese,Once
288,Danika,Polon,dpolon7z@wikia.com,Female,Chevrolet,Ecuadorian,Daily
289,Ricki,Stowte,rstowte80@cloudflare.com,Female,Volvo,Laotian,Yearly
290,Bevan,Postgate,bpostgate81@foxnews.com,Male,Chevrolet,Cherokee,Monthly
291,Kurt,Chad,kchad82@geocities.com,Male,Chevrolet,Chippewa,Yearly
292,Rachele,Vasyutin,rvasyutin83@howstuffworks.com,Female,Chevrolet,Taiwanese,Often
293,Parsifal,Columbine,pcolumbine84@theguardian.com,Male,Toyota,Chamorro,Often
294,Thedrick,Bathow,tbathow85@fc2.com,Male,Lexus,Blackfeet,Often
295,Germain,Petrov,gpetrov86@mapquest.com,Male,Lexus,Polynesian,Yearly
296,Karna,Orchard,korchard87@desdev.cn,Female,Dodge,Indonesian,Seldom
297,Cahra,Priestnall,cpriestnall88@yellowbook.com,Agender,Buick,Navajo,Weekly
298,Muffin,Sivorn,msivorn89@meetup.com,Male,Honda,Blackfeet,Never
299,Marylin,Labadini,mlabadini8a@taobao.com,Genderqueer,Suzuki,Salvadoran,Often
300,Ulrich,Alyokhin,ualyokhin8b@twitter.com,Male,Ford,Vietnamese,Often
301,Gaynor,Toothill,gtoothill8c@twitter.com,Female,Ford,American Indian and Alaska Native (AIAN),Seldom
302,Adamo,Thorsen,athorsen8d@ted.com,Male,Acura,Japanese,Monthly
303,Sylvester,Benediktsson,sbenediktsson8e@phoca.cz,Male,Dodge,American Indian and Alaska Native (AIAN),Often
304,Maurizio,Brookesbie,mbrookesbie8f@prlog.org,Male,Oldsmobile,Bolivian,Daily
305,Abra,Turner,aturner8g@trellian.com,Female,Mazda,Bolivian,Seldom
306,Kaycee,Taber,ktaber8h@intel.com,Female,Hyundai,Micronesian,Daily
307,Glynn,Arno,garno8i@themeforest.net,Male,Scion,Taiwanese,Once
308,Ronny,Florez,rflorez8j@wikispaces.com,Male,Porsche,Cambodian,Once
309,Rey,Meriel,rmeriel8k@illinois.edu,Male,Audi,Melanesian,Once
310,Claudell,Nimmo,cnimmo8l@microsoft.com,Male,Mitsubishi,Seminole,Yearly
311,Simone,Roddy,sroddy8m@github.io,Male,Ford,Salvadoran,Daily
312,Devondra,Pasticznyk,dpasticznyk8n@sciencedirect.com,Female,Toyota,Honduran,Yearly
313,Ellswerth,Dempster,edempster8o@prnewswire.com,Male,GMC,Puget Sound Salish,Once
314,Pauly,Wagner,pwagner8p@telegraph.co.uk,Female,Ford,Yakama,Weekly
315,Jesselyn,Hugk,jhugk8q@berkeley.edu,Female,Chevrolet,Sioux,Seldom
316,Tabitha,Bussons,tbussons8r@netlog.com,Female,Ford,Seminole,Often
317,Melissa,Farrar,mfarrar8s@nsw.gov.au,Female,Mercedes-Benz,Tongan,Once
318,Brena,Fickling,bfickling8t@joomla.org,Female,Acura,Potawatomi,Monthly
319,Ange,Gravey,agravey8u@yahoo.com,Male,Toyota,Eskimo,Monthly
320,Lily,Copestick,lcopestick8v@tamu.edu,Female,Mitsubishi,Yakama,Once
321,Louisette,Abrahamsen,labrahamsen8w@businessinsider.com,Female,Porsche,Thai,Monthly
322,Aurea,Seckom,aseckom8x@newsvine.com,Female,BMW,Blackfeet,Weekly
323,Dael,Nadin,dnadin8y@vkontakte.ru,Male,Mazda,Comanche,Monthly
324,Wood,Habbijam,whabbijam8z@china.com.cn,Male,Land Rover,Samoan,Daily
325,Thorvald,Woltering,twoltering90@issuu.com,Male,Ford,Korean,Often
326,Shep,Kilgour,skilgour91@sfgate.com,Male,Dodge,Asian Indian,Daily
327,Gisela,Vause,gvause92@craigslist.org,Female,Oldsmobile,Chippewa,Yearly
328,Babara,Beadham,bbeadham93@cocolog-nifty.com,Female,Acura,Tohono O'Odham,Monthly
329,Joice,Colleck,jcolleck94@addtoany.com,Female,Ford,Micronesian,Yearly
330,Cirilo,Picknett,cpicknett95@addthis.com,Male,Ford,Chilean,Yearly
331,Garrott,Muat,gmuat96@dion.ne.jp,Male,Dodge,Chinese,Monthly
332,Odelia,Tunniclisse,otunniclisse97@cnet.com,Female,BMW,Korean,Yearly
333,Clementius,Swayte,cswayte98@microsoft.com,Male,Mazda,Choctaw,Monthly
334,Keelia,Marchand,kmarchand99@simplemachines.org,Female,Bentley,Black or African American,Seldom
335,Beau,Curtoys,bcurtoys9a@google.co.jp,Male,Porsche,Alaskan Athabascan,Weekly
336,Papagena,McGuggy,pmcguggy9b@ning.com,Female,GMC,Thai,Weekly
337,Kerk,Symones,ksymones9c@wisc.edu,Male,Chevrolet,Chippewa,Once
338,Cyrillus,Dymick,cdymick9d@wsj.com,Male,Lexus,Pakistani,Monthly
339,Ulises,Matzke,umatzke9e@canalblog.com,Male,Dodge,Japanese,Seldom
340,Loni,Tolmie,ltolmie9f@sina.com.cn,Female,Buick,Pima,Seldom
341,Trent,Glasper,tglasper9g@zimbio.com,Male,Infiniti,American Indian and Alaska Native (AIAN),Monthly
342,Spenser,Fernier,sfernier9h@cbslocal.com,Male,Saab,Samoan,Often
343,Thorstein,Roth,troth9i@bloomberg.com,Male,MG,Laotian,Weekly
344,Amity,Naulty,anaulty9j@ted.com,Female,Subaru,Colombian,Seldom
345,Bellina,Josefer,bjosefer9k@wunderground.com,Female,Chrysler,Cuban,Weekly
346,Demetra,Fassbindler,dfassbindler9l@sourceforge.net,Female,Nissan,Laotian,Never
347,Leah,Dudin,ldudin9m@feedburner.com,Female,Pontiac,Cheyenne,Seldom
348,Grethel,Redmain,gredmain9n@cpanel.net,Female,Toyota,Potawatomi,Weekly
349,Natalya,Rapper,nrapper9o@themeforest.net,Female,Pontiac,Colombian,Yearly
350,Alejoa,Haycock,ahaycock9p@huffingtonpost.com,Male,Acura,Puget Sound Salish,Yearly
351,Tymon,Gregoli,tgregoli9q@usda.gov,Male,Mazda,Indonesian,Seldom
352,Roberto,Baake,rbaake9r@blogger.com,Male,Bentley,Black or African American,Monthly
353,George,Olivazzi,golivazzi9s@amazon.co.jp,Female,Audi,Sioux,Often
354,Tessie,Reeders,treeders9t@usatoday.com,Female,BMW,Pakistani,Once
355,Steffie,Gerald,sgerald9u@behance.net,Female,Ford,White,Yearly
356,Sigismond,Branchet,sbranchet9v@usa.gov,Male,Saturn,Alaskan Athabascan,Often
357,Danny,Pearman,dpearman9w@ted.com,Male,Nissan,Cuban,Often
358,Lanie,Furnival,lfurnival9x@barnesandnoble.com,Male,Audi,Korean,Never
359,Adeline,Anton,aanton9y@privacy.gov.au,Female,Ford,Osage,Yearly
360,Odella,Kurt,okurt9z@sfgate.com,Female,Volvo,Choctaw,Weekly
361,Gregg,Beney,gbeneya0@arizona.edu,Male,Chrysler,Guamanian,Once
362,Amalia,Skeat,askeata1@tiny.cc,Female,Mitsubishi,Cherokee,Monthly
363,Kit,Bouchier,kbouchiera2@wiley.com,Male,Pontiac,Puerto Rican,Never
364,Aurthur,Tolland,atollanda3@craigslist.org,Male,Porsche,Cherokee,Never
365,Norby,Spens,nspensa4@springer.com,Male,Dodge,Iroquois,Yearly
366,Huntlee,Chandlar,hchandlara5@unblog.fr,Male,Ford,White,Daily
367,Terencio,Sleet,tsleeta6@miitbeian.gov.cn,Male,Chevrolet,Ecuadorian,Seldom
368,Papagena,Leacock,pleacocka7@vimeo.com,Female,Chevrolet,Melanesian,Never
369,Terencio,Treadger,ttreadgera8@digg.com,Male,Ford,Peruvian,Seldom
370,Diane,Penniell,dpenniella9@baidu.com,Female,Toyota,Mexican,Weekly
371,Ree,Durtnel,rdurtnelaa@nih.gov,Polygender,Chevrolet,Cree,Seldom
372,Melamie,Malt,mmaltab@livejournal.com,Female,Mercury,Argentinian,Once
373,Lorene,Paolillo,lpaolilloac@senate.gov,Female,Cadillac,Pima,Weekly
374,Clea,McIlreavy,cmcilreavyad@bravesites.com,Female,Bentley,Latin American Indian,Weekly
375,Willey,Nestor,wnestorae@weebly.com,Male,Nissan,Guamanian,Once
376,Mireielle,Clampton,mclamptonaf@seesaa.net,Female,Buick,Navajo,Once
377,Devlin,Banting,dbantingag@usda.gov,Male,Lincoln,Pakistani,Never
378,Ebeneser,Esh,eeshah@omniture.com,Agender,Kia,Paraguayan,Yearly
379,Babita,Ryson,brysonai@msu.edu,Female,Ford,Cambodian,Once
380,Chandler,Ivons,civonsaj@fc2.com,Male,Mazda,Paiute,Often
381,Doyle,Treasaden,dtreasadenak@joomla.org,Male,Audi,Laotian,Often
382,Torr,Freschini,tfreschinial@example.com,Male,Infiniti,Fijian,Monthly
383,Kakalina,Gonsalvez,kgonsalvezam@shareasale.com,Female,Ford,Cherokee,Daily
384,Cthrine,Wiffler,cwiffleran@mit.edu,Female,Toyota,Peruvian,Weekly
385,Garrot,Scorer,gscorerao@creativecommons.org,Male,BMW,Kiowa,Daily
386,Naomi,Branca,nbrancaap@jugem.jp,Female,Lincoln,Indonesian,Weekly
387,Correy,Brain,cbrainaq@yandex.ru,Female,Mitsubishi,Cherokee,Often
388,Ax,Vasyukov,avasyukovar@newsvine.com,Male,Volvo,Japanese,Daily
389,Sapphire,Gorler,sgorleras@networksolutions.com,Genderqueer,Ford,Ute,Seldom
390,Hastings,Bispo,hbispoat@list-manage.com,Male,Toyota,American Indian,Seldom
391,Arnold,Gamlyn,agamlynau@gnu.org,Male,Dodge,Native Hawaiian and Other Pacific Islander (NHPI),Once
392,Hewie,Coote,hcooteav@ca.gov,Male,Audi,Comanche,Monthly
393,Clemmy,Sheridan,csheridanaw@samsung.com,Male,Chevrolet,Micronesian,Monthly
394,Rick,Jollands,rjollandsax@macromedia.com,Male,Honda,Blackfeet,Daily
395,Dorice,Disbrow,ddisbroway@mit.edu,Female,Volkswagen,Cuban,Daily
396,Tybalt,McCurry,tmccurryaz@latimes.com,Polygender,Lincoln,Salvadoran,Daily
397,Adel,MacKissack,amackissackb0@webs.com,Female,Chevrolet,Argentinian,Often
398,Darb,Behan,dbehanb1@linkedin.com,Genderqueer,Volvo,Ottawa,Never
399,Collin,Covotti,ccovottib2@ebay.co.uk,Male,Dodge,Chinese,Seldom
400,Galvan,Chevins,gchevinsb3@photobucket.com,Male,Toyota,American Indian,Monthly
401,Giffy,Stairs,gstairsb4@ehow.com,Male,Mitsubishi,Ottawa,Seldom
402,Doralynn,Rivallant,drivallantb5@reddit.com,Female,Buick,Iroquois,Seldom
403,Virge,McArthur,vmcarthurb6@is.gd,Male,Buick,Native Hawaiian and Other Pacific Islander (NHPI),Daily
404,Jereme,Cuskery,jcuskeryb7@symantec.com,Male,Volkswagen,Ecuadorian,Often
405,Rica,Matous,rmatousb8@pinterest.com,Female,Mercedes-Benz,Crow,Weekly
406,Sawyere,Faherty,sfahertyb9@quantcast.com,Male,Land Rover,Iroquois,Often
407,Brendis,Toohey,btooheyba@shinystat.com,Male,Ford,Chippewa,Often
408,Ban,Twaite,btwaitebb@multiply.com,Male,Jeep,Polynesian,Weekly
409,Eddy,Biggin,ebigginbc@wordpress.org,Female,Mitsubishi,Guamanian,Often
410,Danie,Chastand,dchastandbd@vk.com,Male,Hyundai,Apache,Monthly
411,Hertha,Reader,hreaderbe@buzzfeed.com,Female,Mercury,Yakama,Yearly
412,Peggy,Kalinke,pkalinkebf@youtube.com,Female,Kia,Alaskan Athabascan,Once
413,Conrado,Doud,cdoudbg@epa.gov,Male,Lamborghini,Osage,Daily
414,Bogey,Cutmere,bcutmerebh@home.pl,Male,Nissan,Costa Rican,Weekly
415,Romola,Sposito,rspositobi@marriott.com,Female,Ford,Bangladeshi,Daily
416,Francene,Ingyon,fingyonbj@telegraph.co.uk,Female,BMW,Tohono O'Odham,Weekly
417,Lenette,Jeavons,ljeavonsbk@eventbrite.com,Bigender,Toyota,Tohono O'Odham,Seldom
418,Rockie,Cerie,rceriebl@wsj.com,Male,Volkswagen,Bolivian,Seldom
419,Chrotoem,Harrop,charropbm@over-blog.com,Bigender,Hummer,Filipino,Seldom
420,Auria,Hambrick,ahambrickbn@purevolume.com,Genderqueer,Ford,Colville,Monthly
421,Sidoney,Sambath,ssambathbo@cargocollective.com,Female,Mercedes-Benz,Ottawa,Weekly
422,Rich,McWhirter,rmcwhirterbp@ted.com,Male,Toyota,Guamanian,Daily
423,Joseito,Beminster,jbeminsterbq@homestead.com,Male,Toyota,Comanche,Daily
424,Robyn,Regardsoe,rregardsoebr@nps.gov,Female,Mercedes-Benz,Korean,Yearly
425,Pasquale,Baldick,pbaldickbs@buzzfeed.com,Male,Audi,Yakama,Never
426,Tiena,Augustin,taugustinbt@meetup.com,Female,Mercedes-Benz,Paraguayan,Weekly
427,Darsey,Chasen,dchasenbu@macromedia.com,Female,Chevrolet,Bangladeshi,Often
428,Elmore,Densham,edenshambv@naver.com,Male,Pontiac,Guamanian,Often
429,Jakie,Housecraft,jhousecraftbw@reuters.com,Male,Mercedes-Benz,Blackfeet,Yearly
430,Gabriello,Cocking,gcockingbx@furl.net,Male,Dodge,Tlingit-Haida,Daily
431,Gerald,Anney,ganneyby@odnoklassniki.ru,Male,Porsche,Aleut,Seldom
432,Natalie,Sambath,nsambathbz@mozilla.org,Female,Mercury,Korean,Never
433,Rubetta,Morewood,rmorewoodc0@chicagotribune.com,Genderfluid,Cadillac,Dominican (Dominican Republic),Yearly
434,Tasha,Tilt,ttiltc1@nature.com,Genderqueer,Mitsubishi,Crow,Often
435,Rochette,Krugmann,rkrugmannc2@japanpost.jp,Female,Mercury,Creek,Daily
436,Elroy,Henstone,ehenstonec3@sogou.com,Male,Volkswagen,Osage,Yearly
437,Gillan,Straffon,gstraffonc4@nbcnews.com,Female,Chevrolet,Alaska Native,Weekly
438,Cosmo,Simonite,csimonitec5@pinterest.com,Male,Volkswagen,Shoshone,Once
439,Merry,Coatman,mcoatmanc6@exblog.jp,Male,BMW,Kiowa,Monthly
440,Frasquito,Petrichat,fpetrichatc7@imageshack.us,Genderfluid,Mercedes-Benz,Cuban,Once
441,Latashia,Van Niekerk,lvanniekerkc8@hud.gov,Female,Chevrolet,Tohono O'Odham,Yearly
442,Loren,Bohey,lboheyc9@archive.org,Male,Dodge,Melanesian,Weekly
443,Dael,Pearcehouse,dpearcehouseca@nyu.edu,Polygender,Chevrolet,Houma,Once
444,Shandra,Cruwys,scruwyscb@google.cn,Female,Mercedes-Benz,Laotian,Once
445,Sax,MacCulloch,smaccullochcc@foxnews.com,Genderfluid,Audi,Cherokee,Often
446,Holly,Dimitru,hdimitrucd@live.com,Male,Mercedes-Benz,Ecuadorian,Once
447,Tracy,Cantos,tcantosce@exblog.jp,Male,Lexus,Samoan,Monthly
448,Bethena,Oslar,boslarcf@msn.com,Female,Ford,Delaware,Weekly
449,Harlen,Grattage,hgrattagecg@purevolume.com,Non-binary,BMW,Mexican,Never
450,Ilyssa,Hordell,ihordellch@mapy.cz,Female,Dodge,Thai,Monthly
451,Melba,Pilkinton,mpilkintonci@51.la,Female,Mercury,Costa Rican,Weekly
452,Lauralee,McConaghy,lmcconaghycj@oracle.com,Female,Chevrolet,Uruguayan,Weekly
453,Fleurette,Landor,flandorck@so-net.ne.jp,Female,Chrysler,Malaysian,Never
454,Celisse,Bispham,cbisphamcl@icio.us,Female,Nissan,Peruvian,Once
455,Jo-anne,Ladewig,jladewigcm@bigcartel.com,Female,Mitsubishi,Colville,Never
456,Shurlock,Cathee,scatheecn@tinypic.com,Male,Audi,Iroquois,Monthly
457,Ethyl,Gier,egierco@princeton.edu,Female,Mercedes-Benz,Fijian,Once
458,Siobhan,Mackrell,smackrellcp@ucla.edu,Genderqueer,Toyota,Yaqui,Monthly
459,Isis,Sanzio,isanziocq@sitemeter.com,Female,Lexus,Micronesian,Often
460,Izaak,Beardsdale,ibeardsdalecr@com.com,Male,Nissan,Blackfeet,Once
461,Cris,Ferrotti,cferrottics@parallels.com,Male,Jeep,Shoshone,Weekly
462,Karin,Farrant,kfarrantct@vimeo.com,Female,Mazda,Bolivian,Monthly
463,Philomena,Vink,pvinkcu@dion.ne.jp,Female,Chevrolet,Yaqui,Weekly
464,Consalve,Francklyn,cfrancklyncv@bbc.co.uk,Male,Jeep,Yakama,Monthly
465,Lorianna,Muddiman,lmuddimancw@dot.gov,Female,Chrysler,Shoshone,Monthly
466,Axe,Jeste,ajestecx@disqus.com,Male,Ford,Mexican,Weekly
467,Peder,Bazeley,pbazeleycy@sphinn.com,Male,Chevrolet,Native Hawaiian and Other Pacific Islander (NHPI),Daily
468,Christopher,Toal,ctoalcz@toplist.cz,Male,Infiniti,Central American,Monthly
469,Nowell,McAless,nmcalessd0@lycos.com,Male,Ford,Iroquois,Never
470,Ky,Haynesford,khaynesfordd1@163.com,Male,Mercedes-Benz,Spaniard,Seldom
471,Moina,Judd,mjuddd2@mayoclinic.com,Female,Audi,American Indian,Once
472,Grantham,Banaszczyk,gbanaszczykd3@blogtalkradio.com,Male,Porsche,Ecuadorian,Once
473,Alexandr,Blazewicz,ablazewiczd4@barnesandnoble.com,Male,Mercedes-Benz,Melanesian,Weekly
474,Morse,Woolway,mwoolwayd5@bloglines.com,Male,Subaru,Cree,Weekly
475,Kara-lynn,MacVean,kmacveand6@sciencedaily.com,Female,Acura,Indonesian,Monthly
476,Udall,Raggett,uraggettd7@archive.org,Male,Ford,Chilean,Daily
477,Drud,Northedge,dnorthedged8@ftc.gov,Male,Chrysler,Costa Rican,Monthly
478,Cornela,Michelotti,cmichelottid9@si.edu,Female,Lexus,Argentinian,Yearly
479,Cory,Burford,cburfordda@paypal.com,Male,Volkswagen,Shoshone,Often
480,Krysta,Biggin,kbiggindb@liveinternet.ru,Female,Ford,Bolivian,Seldom
481,Tiphanie,Norris,tnorrisdc@sfgate.com,Female,Saturn,Seminole,Monthly
482,Manuel,Witchell,mwitchelldd@storify.com,Male,Nissan,Comanche,Yearly
483,Doug,Campkin,dcampkinde@pbs.org,Male,Mercury,Yuman,Yearly
484,Inigo,Berzen,iberzendf@shop-pro.jp,Male,Lexus,Pima,Often
485,Gareth,Shearsby,gshearsbydg@reddit.com,Male,Cadillac,Costa Rican,Weekly
486,Cally,Egdal,cegdaldh@narod.ru,Female,GMC,American Indian,Never
487,Kile,Wessel,kwesseldi@ibm.com,Male,Dodge,Salvadoran,Daily
488,Andreas,Lingley,alingleydj@telegraph.co.uk,Male,Oldsmobile,Choctaw,Never
489,Peterus,Sirmond,psirmonddk@ask.com,Genderqueer,McLaren,Ecuadorian,Daily
490,Toni,Blackaby,tblackabydl@godaddy.com,Female,Volvo,Paraguayan,Weekly
491,Sal,Cristoferi,scristoferidm@usgs.gov,Male,Honda,Guatemalan,Never
492,Gretal,Dibdale,gdibdaledn@last.fm,Genderqueer,Mercedes-Benz,Costa Rican,Seldom
493,Shelagh,Connal,sconnaldo@deliciousdays.com,Female,Honda,Kiowa,Daily
494,Sofia,Kopisch,skopischdp@vinaora.com,Female,Chevrolet,Houma,Once
495,August,Maleney,amaleneydq@cnbc.com,Bigender,GMC,Yakama,Monthly
496,Kat,Cowser,kcowserdr@shinystat.com,Genderqueer,Lincoln,Costa Rican,Never
497,Bunny,Swaby,bswabyds@blinklist.com,Female,Geo,Asian,Weekly
498,Myrwyn,Lensch,mlenschdt@senate.gov,Male,Lotus,Polynesian,Often
499,Sherman,Speddin,sspeddindu@shareasale.com,Male,Dodge,Houma,Never
500,Thaxter,Giraudat,tgiraudatdv@posterous.com,Genderfluid,Ram,Puget Sound Salish,Yearly
501,Dewie,Bleacher,dbleacherdw@aol.com,Male,Chevrolet,Native Hawaiian and Other Pacific Islander (NHPI),Once
502,Bev,Scad,bscaddx@is.gd,Female,GMC,Bolivian,Never
503,Claiborne,Leeds,cleedsdy@shutterfly.com,Male,Hyundai,Vietnamese,Once
504,Leonanie,Thibodeaux,lthibodeauxdz@ustream.tv,Female,Mazda,Eskimo,Daily
505,Adrien,Collison,acollisone0@twitpic.com,Agender,Oldsmobile,Tongan,Daily
506,Kingsley,Ceyssen,kceyssene1@odnoklassniki.ru,Agender,Buick,Ecuadorian,Once
507,Olia,Acedo,oacedoe2@trellian.com,Female,Chevrolet,Vietnamese,Daily
508,Nehemiah,Drynan,ndrynane3@phpbb.com,Male,GMC,Bolivian,Seldom
509,Bonnibelle,Stadding,bstaddinge4@canalblog.com,Female,Aston Martin,Sri Lankan,Daily
510,Anica,Grasser,agrassere5@washingtonpost.com,Female,Lincoln,American Indian and Alaska Native (AIAN),Weekly
511,Natasha,Gley,ngleye6@fda.gov,Female,Buick,Yaqui,Once
512,Dulcea,Redihalgh,dredihalghe7@theglobeandmail.com,Female,Oldsmobile,Yaqui,Daily
513,Brittaney,Westcarr,bwestcarre8@sun.com,Female,Mercedes-Benz,Choctaw,Often
514,Shannon,Hebblewaite,shebblewaitee9@typepad.com,Male,Subaru,Alaska Native,Once
515,Humfrid,Puzey,hpuzeyea@usgs.gov,Male,Acura,Micronesian,Weekly
516,Michal,Renn,mrenneb@xing.com,Male,Dodge,Ecuadorian,Yearly
517,Marcelo,Leavy,mleavyec@macromedia.com,Polygender,Ford,Choctaw,Often
518,Meriel,Gislebert,mgisleberted@umich.edu,Female,GMC,Apache,Seldom
519,Raviv,Restall,rrestallee@xinhuanet.com,Male,Scion,Apache,Once
520,Colleen,Jaume,cjaumeef@deviantart.com,Female,Buick,Hmong,Once
521,Quincey,Le Batteur,qlebatteureg@paginegialle.it,Male,Cadillac,Samoan,Once
522,Colver,O'Hogertie,cohogertieeh@studiopress.com,Male,Ford,Seminole,Weekly
523,Rhonda,Delgardo,rdelgardoei@elpais.com,Female,Ford,Puget Sound Salish,Monthly
524,Peri,Wyleman,pwylemanej@cnbc.com,Female,Chevrolet,Chilean,Once
525,Roselin,Durbin,rdurbinek@wikia.com,Female,Hyundai,Potawatomi,Often
526,Madison,Glas,mglasel@yandex.ru,Non-binary,Dodge,Honduran,Seldom
527,Ashia,Seargeant,aseargeantem@yolasite.com,Female,Mazda,Korean,Monthly
528,Klaus,Conew,kconewen@admin.ch,Male,Porsche,Sri Lankan,Daily
529,Marget,Plumbe,mplumbeeo@marriott.com,Female,Chevrolet,Bangladeshi,Yearly
530,Connie,Smuth,csmuthep@cbslocal.com,Female,Chevrolet,Latin American Indian,Weekly
531,Katharyn,Hamley,khamleyeq@xinhuanet.com,Female,Chevrolet,Guamanian,Seldom
532,Donnajean,Bursnell,dbursneller@npr.org,Female,Chevrolet,Alaska Native,Often
533,Raviv,Boakes,rboakeses@photobucket.com,Male,Volkswagen,Tlingit-Haida,Never
534,Claudina,Ioselev,cioselevet@slashdot.org,Female,GMC,Taiwanese,Weekly
535,Philbert,Spindler,pspindlereu@ebay.co.uk,Male,Ford,Tongan,Once
536,Nev,Picott,npicottev@parallels.com,Male,Ford,Japanese,Weekly
537,Drucy,Behnen,dbehnenew@newyorker.com,Female,Chrysler,Laotian,Often
538,Gale,Codeman,gcodemanex@wunderground.com,Male,Scion,Tlingit-Haida,Weekly
539,Lewie,Rigolle,lrigolleey@ow.ly,Male,Toyota,Paiute,Seldom
540,Lowe,Baguley,lbaguleyez@state.gov,Male,Cadillac,Comanche,Never
541,Samson,Demougeot,sdemougeotf0@list-manage.com,Male,Ford,Venezuelan,Daily
542,Bayard,Ughelli,bughellif1@soup.io,Male,Chevrolet,White,Weekly
543,Gabe,Wansbury,gwansburyf2@biblegateway.com,Male,Toyota,Ottawa,Monthly
544,Thomasa,Winborn,twinbornf3@themeforest.net,Female,Volkswagen,Melanesian,Yearly
545,Gal,Colbrun,gcolbrunf4@noaa.gov,Male,Nissan,Choctaw,Often
546,Arlena,Harpham,aharphamf5@photobucket.com,Female,GMC,Iroquois,Often
547,Mersey,Lawleff,mlawlefff6@washingtonpost.com,Female,Chevrolet,Filipino,Monthly
548,Amata,Chittie,achittief7@redcross.org,Female,GMC,Tohono O'Odham,Seldom
549,Jozef,Hawe,jhawef8@ucoz.com,Male,Jeep,Yaqui,Often
550,Boy,Rushmare,brushmaref9@shareasale.com,Male,Pontiac,Asian Indian,Often
551,Catherin,Keates,ckeatesfa@yellowpages.com,Female,Lincoln,Mexican,Daily
552,Lynnea,Bowgen,lbowgenfb@skype.com,Female,Dodge,Argentinian,Yearly
553,Neda,Kornilov,nkornilovfc@chicagotribune.com,Non-binary,Porsche,Asian,Daily
554,Law,Speare,lspearefd@ucoz.ru,Male,Ford,Delaware,Yearly
555,Ty,Palluschek,tpalluschekfe@tamu.edu,Male,Acura,Costa Rican,Seldom
556,Don,Urian,durianff@hugedomains.com,Male,Nissan,Yakama,Monthly
557,Lester,Pyffe,lpyffefg@tinypic.com,Male,Geo,Navajo,Seldom
558,Kaile,Youel,kyouelfh@gizmodo.com,Female,Ford,Tongan,Weekly
559,Ber,Colgan,bcolganfi@epa.gov,Male,Volkswagen,Chippewa,Weekly
560,Vidovic,Reely,vreelyfj@hao123.com,Male,Infiniti,Navajo,Often
561,Lauren,Roggieri,lroggierifk@123-reg.co.uk,Male,Kia,Venezuelan,Never
562,Danya,Smeath,dsmeathfl@illinois.edu,Female,Chrysler,Seminole,Once
563,Hildagard,Perel,hperelfm@mtv.com,Female,GMC,Potawatomi,Weekly
564,Carlynne,Hampe,champefn@bloglovin.com,Female,Pontiac,Peruvian,Never
565,Donnie,Dehm,ddehmfo@cisco.com,Female,Acura,Pueblo,Once
566,Conny,MacKean,cmackeanfp@boston.com,Genderfluid,GMC,Micronesian,Often
567,Charla,Kelshaw,ckelshawfq@sphinn.com,Female,Mazda,Delaware,Weekly
568,Dionisio,Jorgensen,djorgensenfr@facebook.com,Male,Infiniti,Eskimo,Daily
569,Raf,Sizzey,rsizzeyfs@go.com,Female,BMW,Asian,Yearly
570,Zolly,Royl,zroylft@columbia.edu,Male,Mercedes-Benz,Fijian,Weekly
571,Jeff,Drayton,jdraytonfu@hubpages.com,Male,Geo,Puerto Rican,Never
572,Atalanta,Bogue,aboguefv@xing.com,Female,Saab,Asian,Seldom
573,Bronnie,Tomsett,btomsettfw@bizjournals.com,Polygender,Jaguar,Japanese,Monthly
574,Kareem,Daniaud,kdaniaudfx@skype.com,Male,Subaru,Chinese,Never
575,Wildon,Poulett,wpoulettfy@cbslocal.com,Male,Chevrolet,Micronesian,Yearly
576,Matthieu,June,mjunefz@fema.gov,Male,Mitsubishi,Iroquois,Often
577,Minnie,Andretti,mandrettig0@state.tx.us,Female,Chevrolet,Melanesian,Never
578,Bethina,Dabney,bdabneyg1@mashable.com,Female,Mercedes-Benz,Colville,Yearly
579,Tedra,Jedrys,tjedrysg2@pen.io,Female,Volkswagen,Peruvian,Once
580,Tiffanie,Barratt,tbarrattg3@netscape.com,Female,GMC,Alaska Native,Yearly
581,Teri,McDonand,tmcdonandg4@cnbc.com,Female,Mazda,Tlingit-Haida,Often
582,Janeva,Rosenfelt,jrosenfeltg5@sitemeter.com,Female,Oldsmobile,Panamanian,Often
583,Lucienne,Braisted,lbraistedg6@comsenz.com,Female,Chevrolet,Paiute,Yearly
584,Hetti,Keenan,hkeenang7@sphinn.com,Female,Mazda,Samoan,Once
585,Dian,Daftor,ddaftorg8@lycos.com,Female,Cadillac,Dominican (Dominican Republic),Monthly
586,Imogene,Melladew,imelladewg9@bigcartel.com,Female,Ford,Native Hawaiian,Weekly
587,Avram,Boig,aboigga@yelp.com,Male,Ford,Costa Rican,Once
588,Rick,Litchfield,rlitchfieldgb@w3.org,Male,Kia,Guamanian,Weekly
589,Flinn,Raison,fraisongc@barnesandnoble.com,Male,Acura,Panamanian,Once
590,Maurise,Gierhard,mgierhardgd@auda.org.au,Female,Ford,American Indian,Weekly
591,Buckie,Jeremaes,bjeremaesge@ehow.com,Male,Toyota,Cambodian,Never
592,Elroy,Mintoft,emintoftgf@sourceforge.net,Male,Mercedes-Benz,Salvadoran,Yearly
593,Kerwin,Fakes,kfakesgg@jiathis.com,Male,Hyundai,Alaskan Athabascan,Seldom
594,Maddy,Blankley,mblankleygh@meetup.com,Female,Subaru,Alaskan Athabascan,Yearly
595,Dominic,Alston,dalstongi@oakley.com,Male,Mercury,Lumbee,Daily
596,Benedict,Lindenboim,blindenboimgj@oakley.com,Male,Jeep,White,Seldom
597,Morrie,Fansy,mfansygk@dot.gov,Male,Audi,Osage,Never
598,Job,Lapidus,jlapidusgl@answers.com,Male,Pontiac,Chilean,Often
599,Debora,Nobriga,dnobrigagm@toplist.cz,Bigender,MINI,Taiwanese,Often
600,Isidro,Pichan,ipichangn@slideshare.net,Male,Lincoln,Pueblo,Daily
601,Uriel,Tidey,utideygo@whitehouse.gov,Male,Cadillac,Native Hawaiian,Seldom
602,Orland,Grute,ogrutegp@printfriendly.com,Male,Lincoln,Honduran,Weekly
603,Remus,Fearnside,rfearnsidegq@tuttocitta.it,Male,Kia,Melanesian,Often
604,Loretta,Parren,lparrengr@webmd.com,Female,Plymouth,South American,Often
605,Tiffi,Knowlson,tknowlsongs@tripod.com,Female,Morgan,Yaqui,Monthly
606,Portie,Kloster,pklostergt@dmoz.org,Male,Acura,Colville,Never
607,Alta,MacPeake,amacpeakegu@hugedomains.com,Female,Mercury,Pakistani,Seldom
608,Krissy,Orchart,korchartgv@eventbrite.com,Female,Oldsmobile,Aleut,Never
609,Laurice,McTrustram,lmctrustramgw@ning.com,Genderqueer,Hummer,Tlingit-Haida,Daily
610,Jojo,Megroff,jmegroffgx@tripadvisor.com,Female,Lotus,Apache,Often
611,Trixy,Birdwistle,tbirdwistlegy@youtube.com,Female,BMW,Pueblo,Often
612,Brynn,Echelle,bechellegz@ucoz.com,Female,Ford,Chickasaw,Weekly
613,Bekki,Prior,bpriorh0@noaa.gov,Female,Jeep,Colombian,Never
614,Cathe,Dradey,cdradeyh1@nhs.uk,Female,Ford,Native Hawaiian,Daily
615,Titos,Parlatt,tparlatth2@smh.com.au,Male,Chevrolet,Native Hawaiian and Other Pacific Islander (NHPI),Weekly
616,Stacee,Van Daalen,svandaalenh3@cocolog-nifty.com,Agender,Maybach,Chippewa,Never
617,Doy,Gosson,dgossonh4@vistaprint.com,Non-binary,Nissan,Yuman,Weekly
618,Esdras,Oury,eouryh5@phoca.cz,Bigender,Audi,Malaysian,Weekly
619,Ollie,Yuill,oyuillh6@facebook.com,Male,BMW,Nicaraguan,Monthly
620,Trixy,Allcoat,tallcoath7@nationalgeographic.com,Female,Hyundai,American Indian,Monthly
621,Alessandro,Eykelbosch,aeykelboschh8@tmall.com,Male,Cadillac,Potawatomi,Weekly
622,Viviyan,Delph,vdelphh9@qq.com,Genderfluid,Volkswagen,Menominee,Once
623,Kissiah,Maciaszek,kmaciaszekha@1688.com,Female,Ford,Tongan,Monthly
624,Aidan,Camier,acamierhb@theguardian.com,Female,Mercedes-Benz,Yaqui,Never
625,Minda,Greenwood,mgreenwoodhc@harvard.edu,Female,Mitsubishi,Honduran,Daily
626,Forster,Fitter,ffitterhd@ihg.com,Male,Chevrolet,Honduran,Once
627,Flynn,Skirling,fskirlinghe@list-manage.com,Male,Rolls-Royce,Paraguayan,Never
628,Ugo,Crunkhorn,ucrunkhornhf@webs.com,Male,Geo,Indonesian,Monthly
629,Salomi,Getch,sgetchhg@seesaa.net,Female,Honda,Paraguayan,Weekly
630,Evvy,Roo,eroohh@dion.ne.jp,Female,GMC,Sioux,Once
631,Alanna,Hatley,ahatleyhi@illinois.edu,Female,Ferrari,Thai,Yearly
632,Conrad,Brierly,cbrierlyhj@google.cn,Male,GMC,White,Never
633,Richardo,Jandourek,rjandourekhk@devhub.com,Male,Dodge,Creek,Often
634,Teodor,Mauro,tmaurohl@examiner.com,Male,BMW,Japanese,Daily
635,Jandy,Sebright,jsebrighthm@walmart.com,Female,Volkswagen,Pima,Often
636,Chrisse,Zimmermeister,czimmermeisterhn@economist.com,Male,Ford,Cheyenne,Yearly
637,Theresita,Casbolt,tcasboltho@ted.com,Female,GMC,Guatemalan,Monthly
638,Eugene,Showler,eshowlerhp@webnode.com,Male,Eagle,Colombian,Once
639,Amalie,Fould,afouldhq@reuters.com,Female,Mercedes-Benz,Costa Rican,Daily
640,Garland,Shrimptone,gshrimptonehr@delicious.com,Female,Dodge,Seminole,Yearly
641,Gallagher,Ricart,gricarths@cafepress.com,Male,Dodge,Choctaw,Seldom
642,Cazzie,Dawdary,cdawdaryht@smh.com.au,Male,Honda,Paiute,Never
643,Travis,de Pinna,tdepinnahu@unesco.org,Male,Infiniti,Peruvian,Yearly
644,Christabel,Kleinsmuntz,ckleinsmuntzhv@tuttocitta.it,Female,Mitsubishi,Alaskan Athabascan,Daily
645,Constancy,Glancy,cglancyhw@de.vu,Genderqueer,Jeep,Latin American Indian,Daily
646,Alejandro,Erdis,aerdishx@utexas.edu,Male,Oldsmobile,Indonesian,Once
647,Brucie,Bolzen,bbolzenhy@networkadvertising.org,Male,GMC,Lumbee,Monthly
648,Jilli,Quarlis,jquarlishz@google.com.au,Female,Nissan,Asian,Never
649,Rozelle,Dungate,rdungatei0@boston.com,Bigender,Buick,Cheyenne,Seldom
650,Rafaelita,Nouch,rnouchi1@ycombinator.com,Female,Ford,Asian,Never
651,Nathanael,Pettitt,npettitti2@goo.gl,Male,Hyundai,Mexican,Weekly
652,Alvis,Rate,aratei3@aboutads.info,Male,Ford,Venezuelan,Daily
653,Goldia,Descroix,gdescroixi4@smh.com.au,Female,Lincoln,Eskimo,Daily
654,Hastings,Sunley,hsunleyi5@liveinternet.ru,Male,Volkswagen,Tlingit-Haida,Once
655,Gerti,MacAiline,gmacailinei6@seesaa.net,Female,Saab,Puerto Rican,Once
656,Lek,Biggs,lbiggsi7@cafepress.com,Male,Volkswagen,Korean,Weekly
657,Jeri,De Cruce,jdecrucei8@adobe.com,Female,Buick,Laotian,Weekly
658,Corette,Ruscoe,cruscoei9@arizona.edu,Female,Honda,Navajo,Once
659,Rhys,Sainer,rsaineria@bbc.co.uk,Male,Chevrolet,American Indian,Monthly
660,Bill,Dudding,bduddingib@apache.org,Male,Isuzu,Puget Sound Salish,Daily
661,Keelia,Colley,kcolleyic@google.de,Female,Dodge,Guamanian,Monthly
662,Abbie,Romaint,aromaintid@berkeley.edu,Male,Suzuki,Central American,Never
663,Nike,Whettleton,nwhettletonie@census.gov,Female,Chevrolet,Cherokee,Often
664,Dav,Benz,dbenzif@hugedomains.com,Male,Hyundai,Peruvian,Seldom
665,Jolynn,Thebe,jthebeig@yahoo.com,Female,Mazda,Nicaraguan,Yearly
666,Nyssa,Piff,npiffih@unc.edu,Female,Volkswagen,Iroquois,Never
667,Rubi,Resdale,rresdaleii@wsj.com,Female,Porsche,Ecuadorian,Once
668,Enrique,Duck,educkij@cloudflare.com,Male,Land Rover,Black or African American,Weekly
669,Marie-ann,Picard,mpicardik@ifeng.com,Female,Honda,Bangladeshi,Yearly
670,Sherlock,Colbrun,scolbrunil@sitemeter.com,Male,Volkswagen,Yuman,Daily
671,Adan,Gisburn,agisburnim@zimbio.com,Male,Chrysler,Creek,Yearly
672,Aldus,Slyman,aslymanin@pcworld.com,Non-binary,Audi,Colville,Once
673,Chadwick,Reame,creameio@list-manage.com,Bigender,BMW,Puerto Rican,Weekly
674,Webb,Clawley,wclawleyip@sitemeter.com,Male,Lincoln,Asian,Yearly
675,Sigfrid,MacIver,smaciveriq@imageshack.us,Male,Toyota,Yuman,Daily
676,Jillene,Mussett,jmussettir@bloomberg.com,Female,Audi,Cheyenne,Once
677,Olenolin,Roby,orobyis@typepad.com,Male,Audi,Potawatomi,Daily
678,Glenn,Hayland,ghaylandit@cafepress.com,Male,Mercedes-Benz,Iroquois,Often
679,Filippa,Overington,foveringtoniu@marketwatch.com,Female,Nissan,Puget Sound Salish,Often
680,Mikkel,Balleine,mballeineiv@desdev.cn,Male,BMW,White,Weekly
681,Chrissie,Villalta,cvillaltaiw@odnoklassniki.ru,Non-binary,Maybach,Guamanian,Never
682,Tanhya,Purdom,tpurdomix@icq.com,Female,Rolls-Royce,Dominican (Dominican Republic),Seldom
683,Tessi,Schooley,tschooleyiy@blogtalkradio.com,Female,Dodge,Colombian,Monthly
684,Lissie,Whistlecraft,lwhistlecraftiz@gmpg.org,Female,Mercury,Seminole,Once
685,Kellen,Fernez,kfernezj0@nba.com,Male,GMC,Native Hawaiian and Other Pacific Islander (NHPI),Daily
686,Essa,Pyle,epylej1@hibu.com,Female,Chrysler,Yuman,Never
687,Jocelyn,Phoenix,jphoenixj2@taobao.com,Bigender,Subaru,White,Never
688,Roxi,Hirjak,rhirjakj3@sfgate.com,Female,Volvo,Asian Indian,Daily
689,Mona,Madders,mmaddersj4@discovery.com,Polygender,Cadillac,Central American,Never
690,Tomi,Rielly,triellyj5@freewebs.com,Female,Mercedes-Benz,South American,Often
691,Kelli,Dunge,kdungej6@nymag.com,Female,Infiniti,White,Yearly
692,Kerwinn,Polo,kpoloj7@google.it,Male,Mazda,Pueblo,Once
693,Elaina,Simla,esimlaj8@webs.com,Female,Pontiac,Filipino,Often
694,Palmer,Kelshaw,pkelshawj9@biglobe.ne.jp,Male,Kia,Central American,Monthly
695,Edi,Reinbach,ereinbachja@bravesites.com,Female,Acura,Thai,Never
696,Erl,Greenstock,egreenstockjb@utexas.edu,Male,Infiniti,Polynesian,Never
697,Riley,Fetherstonhaugh,rfetherstonhaughjc@wordpress.com,Male,Ford,Paraguayan,Yearly
698,Mora,Jenson,mjensonjd@redcross.org,Female,Mercedes-Benz,Uruguayan,Seldom
699,Web,Gillebride,wgillebrideje@etsy.com,Genderqueer,Ford,Panamanian,Daily
700,Caryl,Toffoletto,ctoffolettojf@a8.net,Female,Infiniti,Native Hawaiian,Seldom
701,Erna,Albin,ealbinjg@seattletimes.com,Female,Nissan,Yuman,Daily
702,Dinny,Chipping,dchippingjh@jigsy.com,Female,Honda,Yaqui,Never
703,Edan,Gillease,egilleaseji@sohu.com,Male,Chrysler,Samoan,Yearly
704,Erinn,Margrett,emargrettjj@sogou.com,Female,Lotus,Chilean,Never
705,Gina,Bostick,gbostickjk@mozilla.org,Female,Honda,Korean,Seldom
706,Grantley,Bereford,gberefordjl@nydailynews.com,Male,Eagle,American Indian and Alaska Native (AIAN),Daily
707,Xavier,Mesnard,xmesnardjm@pen.io,Male,Cadillac,Houma,Daily
708,Joline,Marginson,jmarginsonjn@columbia.edu,Female,Oldsmobile,Menominee,Daily
709,Fraser,Lartice,flarticejo@oracle.com,Male,Buick,American Indian and Alaska Native (AIAN),Seldom
710,Traci,Itscowics,titscowicsjp@alibaba.com,Female,Dodge,Paiute,Seldom
711,Hasheem,Ellick,hellickjq@npr.org,Male,Suzuki,Aleut,Daily
712,Rosamund,Martinello,rmartinellojr@zimbio.com,Female,Chevrolet,Tongan,Seldom
713,Claudetta,Chavey,cchaveyjs@mail.ru,Female,Toyota,Menominee,Once
714,Tedi,Hunnybun,thunnybunjt@ca.gov,Female,Ford,Native Hawaiian and Other Pacific Islander (NHPI),Seldom
715,Octavius,Doleman,odolemanju@alexa.com,Male,Mercury,Cree,Monthly
716,Suzie,Dunster,sdunsterjv@engadget.com,Female,Chevrolet,Guatemalan,Monthly
717,Hernando,Longman,hlongmanjw@yellowpages.com,Male,Toyota,Venezuelan,Weekly
718,Sophie,Buckler,sbucklerjx@bandcamp.com,Female,GMC,Cambodian,Never
719,Lorrie,Longthorne,llongthornejy@umich.edu,Male,Ford,Ecuadorian,Weekly
720,Devland,Corser,dcorserjz@mtv.com,Male,Volkswagen,Indonesian,Never
721,Perla,Baguley,pbaguleyk0@wordpress.org,Female,Nissan,Pueblo,Once
722,Darya,Smethurst,dsmethurstk1@canalblog.com,Female,Honda,American Indian,Yearly
723,Rand,Skarin,rskarink2@google.de,Male,Cadillac,Uruguayan,Weekly
724,Chane,Mounce,cmouncek3@yale.edu,Male,Dodge,Guatemalan,Once
725,Arne,Wallbridge,awallbridgek4@dion.ne.jp,Male,Hyundai,Central American,Daily
726,Ira,Upwood,iupwoodk5@whitehouse.gov,Female,Ford,Chickasaw,Monthly
727,Prentice,Booker,pbookerk6@independent.co.uk,Male,Toyota,Puget Sound Salish,Weekly
728,Cosetta,Heaviside,cheavisidek7@vistaprint.com,Female,Infiniti,Cree,Once
729,Susan,Burbridge,sburbridgek8@wikipedia.org,Non-binary,Plymouth,Guatemalan,Weekly
730,Bette,Hartles,bhartlesk9@wsj.com,Female,GMC,Native Hawaiian,Seldom
731,Maitilde,Leipold,mleipoldka@blinklist.com,Female,Kia,Puget Sound Salish,Yearly
732,Arielle,Sharpous,asharpouskb@taobao.com,Female,Jeep,Sri Lankan,Once
733,Ilysa,Pedrick,ipedrickkc@google.com.au,Female,Plymouth,Taiwanese,Seldom
734,Raine,Scones,rsconeskd@webeden.co.uk,Female,Suzuki,Chilean,Yearly
735,Cassius,Bruinsma,cbruinsmake@deviantart.com,Male,Jaguar,Vietnamese,Often
736,Lincoln,Mateuszczyk,lmateuszczykkf@instagram.com,Bigender,GMC,Polynesian,Yearly
737,Cart,Barenskie,cbarenskiekg@stumbleupon.com,Male,Toyota,Native Hawaiian and Other Pacific Islander (NHPI),Never
738,Tedra,Kermannes,tkermanneskh@slashdot.org,Female,Bentley,Japanese,Yearly
739,Redford,Verney,rverneyki@cornell.edu,Male,Mitsubishi,Yakama,Yearly
740,Janeczka,Chasen,jchasenkj@amazonaws.com,Female,Chevrolet,Japanese,Monthly
741,Zondra,Stanyforth,zstanyforthkk@google.com.hk,Female,Isuzu,Osage,Once
742,Gil,Kellar,gkellarkl@tripod.com,Male,Hyundai,Malaysian,Seldom
743,Ami,Klaas,aklaaskm@desdev.cn,Female,Ford,Yaqui,Monthly
744,Sylvan,Berg,sbergkn@gnu.org,Male,Ford,Filipino,Seldom
745,Suzi,O'Heyne,soheyneko@squidoo.com,Female,BMW,Crow,Yearly
746,Ilsa,Zuker,izukerkp@slashdot.org,Female,Toyota,Filipino,Monthly
747,Yank,Kimmings,ykimmingskq@imgur.com,Male,Spyker,Seminole,Often
748,Art,McTaggart,amctaggartkr@archive.org,Male,Nissan,Alaska Native,Monthly
749,Mahmud,Burcombe,mburcombeks@nydailynews.com,Male,Hyundai,Pueblo,Daily
750,Devy,Budgett,dbudgettkt@cocolog-nifty.com,Male,Land Rover,Seminole,Weekly
751,Bart,Iacavone,biacavoneku@merriam-webster.com,Male,Scion,Chippewa,Weekly
752,Ashely,Goodacre,agoodacrekv@marketwatch.com,Female,Suzuki,Navajo,Once
753,Tamma,Pasfield,tpasfieldkw@wordpress.com,Female,Jeep,Peruvian,Once
754,Cull,Humphrys,chumphryskx@pen.io,Male,Chevrolet,Pueblo,Weekly
755,Elwood,Torregiani,etorregianiky@ebay.co.uk,Genderfluid,Chevrolet,Creek,Weekly
756,Bordy,Loxley,bloxleykz@tiny.cc,Male,Kia,Mexican,Yearly
757,Dallas,Durrad,ddurradl0@washington.edu,Female,Jaguar,Crow,Seldom
758,Rollie,Decaze,rdecazel1@chronoengine.com,Male,Toyota,Iroquois,Often
759,Lissy,Feacham,lfeachaml2@icio.us,Female,Acura,Asian Indian,Monthly
760,Tomaso,Kermath,tkermathl3@boston.com,Male,Saab,Creek,Once
761,Pascale,Hoodlass,phoodlassl4@mapy.cz,Male,GMC,American Indian,Often
762,Alyson,Jouhandeau,ajouhandeaul5@issuu.com,Non-binary,Mazda,Salvadoran,Never
763,Micheil,McArdle,mmcardlel6@quantcast.com,Male,Chrysler,Costa Rican,Never
764,Tersina,Gelletly,tgelletlyl7@cornell.edu,Female,Honda,Melanesian,Seldom
765,Terza,Shute,tshutel8@youtu.be,Female,GMC,Sioux,Weekly
766,Gifford,Stittle,gstittlel9@trellian.com,Male,BMW,Argentinian,Monthly
767,Gardie,Kempson,gkempsonla@about.me,Male,Volvo,Panamanian,Seldom
768,Jaime,Rossoni,jrossonilb@nationalgeographic.com,Male,Chevrolet,Asian Indian,Weekly
769,Nike,Vitall,nvitalllc@dyndns.org,Female,Chrysler,Chamorro,Yearly
770,Lorrie,Cheer,lcheerld@scientificamerican.com,Male,Mercedes-Benz,Black or African American,Often
771,Alane,Salters,asaltersle@desdev.cn,Female,Cadillac,Apache,Daily
772,Igor,Edridge,iedridgelf@about.me,Male,Audi,Indonesian,Weekly
773,Nero,Dunkirk,ndunkirklg@github.io,Male,Saab,Puerto Rican,Yearly
774,Sherye,Kauffman,skauffmanlh@washingtonpost.com,Female,Cadillac,Salvadoran,Never
775,Hastings,Di Boldi,hdiboldili@qq.com,Male,Mercedes-Benz,Yaqui,Never
776,Heddie,Rudloff,hrudlofflj@studiopress.com,Female,Subaru,Eskimo,Once
777,Zackariah,Burless,zburlesslk@stumbleupon.com,Male,Volkswagen,White,Seldom
778,Tess,McKennan,tmckennanll@eepurl.com,Bigender,Lexus,Hmong,Weekly
779,Mehetabel,Bruton,mbrutonlm@netscape.com,Female,Dodge,Venezuelan,Weekly
780,Fey,Culcheth,fculchethln@bloomberg.com,Female,BMW,Creek,Monthly
781,Ephrayim,Chooter,echooterlo@vistaprint.com,Male,Honda,Black or African American,Daily
782,Marysa,Geaveny,mgeavenylp@ucsd.edu,Female,Chevrolet,Houma,Never
783,Carmel,Reeders,creederslq@deviantart.com,Female,Plymouth,Panamanian,Never
784,Felicio,Perillio,fperilliolr@tinyurl.com,Male,Mazda,Nicaraguan,Seldom
785,Loralie,Turtle,lturtlels@wp.com,Female,Nissan,Fijian,Often
786,Barbette,Gloyens,bgloyenslt@fotki.com,Female,Ford,Indonesian,Seldom
787,Breena,Lerven,blervenlu@si.edu,Female,Audi,Colombian,Never
788,Arleen,Sampson,asampsonlv@privacy.gov.au,Female,Ford,Guatemalan,Daily
789,Theresa,Pecey,tpeceylw@vinaora.com,Female,Chevrolet,Vietnamese,Daily
790,Andreana,Broe,abroelx@ovh.net,Female,Chevrolet,Native Hawaiian and Other Pacific Islander (NHPI),Often
791,Basilio,Cranstoun,bcranstounly@mozilla.org,Male,Mitsubishi,Samoan,Seldom
792,Davy,Merriton,dmerritonlz@microsoft.com,Male,BMW,Filipino,Weekly
793,Cass,Eickhoff,ceickhoffm0@macromedia.com,Male,Subaru,Korean,Seldom
794,Lenette,Kelleher,lkelleherm1@php.net,Female,Suzuki,Costa Rican,Yearly
795,Garold,Challice,gchallicem2@google.cn,Male,Volvo,Panamanian,Monthly
796,Sancho,Trinke,strinkem3@jiathis.com,Non-binary,Mercedes-Benz,Cheyenne,Once
797,Nicolis,Inch,ninchm4@theglobeandmail.com,Male,Mitsubishi,Tohono O'Odham,Once
798,Kevina,Benezet,kbenezetm5@google.co.jp,Female,Oldsmobile,Colombian,Daily
799,Yurik,Marney,ymarneym6@paginegialle.it,Male,Acura,Cuban,Daily
800,Erena,Quilter,equilterm7@dell.com,Female,Nissan,Native Hawaiian,Once
801,Cathrine,Schwier,cschwierm8@parallels.com,Female,GMC,Malaysian,Never
802,Leeland,Brownsall,lbrownsallm9@rediff.com,Male,Lexus,Central American,Seldom
803,Felisha,Calbrathe,fcalbrathema@php.net,Polygender,Volkswagen,Hmong,Weekly
804,Stace,Pechacek,spechacekmb@gnu.org,Female,Mercedes-Benz,Native Hawaiian and Other Pacific Islander (NHPI),Yearly
805,Kassia,Cruces,kcrucesmc@adobe.com,Female,Mercedes-Benz,Hmong,Yearly
806,Evanne,Haye,ehayemd@cnet.com,Genderfluid,Mercedes-Benz,Malaysian,Weekly
807,Cyrille,Mc Comb,cmccombme@php.net,Male,Ford,Menominee,Weekly
808,Donella,Pomfrett,dpomfrettmf@washingtonpost.com,Female,Acura,Yakama,Daily
809,Meryl,Spedroni,mspedronimg@skyrock.com,Male,Ford,Native Hawaiian,Once
810,Lorrin,Nuscha,lnuschamh@oracle.com,Female,Volvo,Iroquois,Once
811,Jenni,Brabon,jbrabonmi@bigcartel.com,Female,Mercedes-Benz,Asian Indian,Monthly
812,Yalonda,Turvie,yturviemj@sfgate.com,Female,Hyundai,Colombian,Often
813,Chet,Ruddock,cruddockmk@storify.com,Male,Cadillac,Bangladeshi,Often
814,Dallas,Saltern,dsalternml@flavors.me,Male,Honda,Pakistani,Seldom
815,Jyoti,Bulfoy,jbulfoymm@shinystat.com,Female,Volvo,Nicaraguan,Monthly
816,Cathleen,Robel,crobelmn@blinklist.com,Female,Lincoln,Comanche,Monthly
817,Ulick,Fransson,ufranssonmo@privacy.gov.au,Male,Plymouth,Native Hawaiian,Once
818,Wiatt,O' Mara,womaramp@4shared.com,Male,Nissan,Yakama,Weekly
819,Ginevra,Peevor,gpeevormq@abc.net.au,Female,Nissan,Yaqui,Daily
820,Christean,Seacroft,cseacroftmr@vk.com,Female,Maybach,Dominican (Dominican Republic),Weekly
821,Salem,MacAree,smacareems@example.com,Male,Honda,Malaysian,Once
822,Lowe,Worham,lworhammt@themeforest.net,Male,Honda,Paiute,Daily
823,Chrysler,Herreran,cherreranmu@illinois.edu,Female,Chevrolet,Argentinian,Once
824,Pier,Arthars,partharsmv@pinterest.com,Female,Dodge,Peruvian,Once
825,Matilda,Dozdill,mdozdillmw@unblog.fr,Female,Oldsmobile,Laotian,Never
826,Gussy,Pelcheur,gpelcheurmx@ucoz.com,Female,Pontiac,Kiowa,Never
827,Daffi,Osgar,dosgarmy@illinois.edu,Female,GMC,Venezuelan,Often
828,Micki,Pfaff,mpfaffmz@bing.com,Female,Chevrolet,Bangladeshi,Once
829,Savina,Limmer,slimmern0@hibu.com,Female,Audi,Puerto Rican,Once
830,Gustaf,Glazebrook,gglazebrookn1@auda.org.au,Male,Chevrolet,Guatemalan,Seldom
831,Aluino,Carbery,acarberyn2@sun.com,Genderfluid,Audi,Micronesian,Seldom
832,Baxie,Daniells,bdaniellsn3@linkedin.com,Male,Chevrolet,Thai,Never
833,Onofredo,Nisby,onisbyn4@vimeo.com,Male,GMC,Cheyenne,Monthly
834,Ursula,Philot,uphilotn5@businessweek.com,Female,Hummer,Nicaraguan,Yearly
835,Mateo,Twinn,mtwinnn6@gmpg.org,Male,Jeep,Ecuadorian,Seldom
836,Hamilton,Brugsma,hbrugsman7@webnode.com,Male,Land Rover,Native Hawaiian and Other Pacific Islander (NHPI),Once
837,Gregoor,Limbourne,glimbournen8@desdev.cn,Male,Citron,Vietnamese,Yearly
838,Derwin,Jest,djestn9@va.gov,Male,Chevrolet,Delaware,Often
839,Luis,Rilston,lrilstonna@naver.com,Male,Mercedes-Benz,Salvadoran,Daily
840,El,Elmhirst,eelmhirstnb@ft.com,Male,Toyota,Mexican,Never
841,Roy,Florio,rflorionc@stumbleupon.com,Male,Mercedes-Benz,Tohono O'Odham,Daily
842,Cindra,Shadrach,cshadrachnd@homestead.com,Female,Volkswagen,Chilean,Weekly
843,Essy,Mallen,emallenne@reverbnation.com,Female,Subaru,Chilean,Monthly
844,Barnie,Domenicone,bdomeniconenf@cbc.ca,Male,Scion,Paiute,Weekly
845,Brendon,Gierke,bgierkeng@imgur.com,Male,Mazda,Ottawa,Yearly
846,Ilsa,Bagworth,ibagworthnh@bloglines.com,Non-binary,Mercury,Shoshone,Daily
847,Berkie,Mabbett,bmabbettni@opera.com,Male,GMC,Tohono O'Odham,Weekly
848,Winfred,Ornillos,wornillosnj@about.me,Agender,GMC,Cambodian,Yearly
849,Tallie,Spelwood,tspelwoodnk@privacy.gov.au,Male,Ford,Tongan,Often
850,Orly,Shoesmith,oshoesmithnl@privacy.gov.au,Female,Volvo,Korean,Monthly
851,Joann,Angove,jangovenm@gnu.org,Female,Chevrolet,American Indian and Alaska Native (AIAN),Never
852,Regine,Brewster,rbrewsternn@eepurl.com,Female,Chevrolet,Vietnamese,Monthly
853,Lauritz,Di Giacomo,ldigiacomono@networkadvertising.org,Male,BMW,Malaysian,Once
854,Sanders,Kiffin,skiffinnp@blogspot.com,Male,Kia,Choctaw,Daily
855,Ruttger,Crus,rcrusnq@flavors.me,Male,Tesla,Polynesian,Daily
856,Maurizio,Matson,mmatsonnr@sfgate.com,Male,Mazda,Colombian,Never
857,Shem,Wysome,swysomens@abc.net.au,Polygender,Ford,Ecuadorian,Often
858,Kelbee,De Robertis,kderobertisnt@wikipedia.org,Male,Cadillac,White,Often
859,Ingaborg,Meeking,imeekingnu@delicious.com,Female,Lotus,Chilean,Never
860,Mathian,Ogus,mogusnv@google.com.au,Male,Spyker,South American,Often
861,Quinn,Poone,qpoonenw@wsj.com,Female,Ford,Paraguayan,Often
862,Darleen,Gemlbett,dgemlbettnx@jalbum.net,Female,Mazda,Puget Sound Salish,Monthly
863,Guillermo,Losselyong,glosselyongny@mac.com,Male,Suzuki,Guatemalan,Seldom
864,Brocky,Flood,bfloodnz@nsw.gov.au,Male,Buick,Argentinian,Often
865,Woodie,Woollacott,wwoollacotto0@slashdot.org,Male,BMW,Peruvian,Daily
866,Gretta,Hum,ghumo1@wiley.com,Genderfluid,Nissan,Guatemalan,Never
867,Lorrie,Rowberry,lrowberryo2@altervista.org,Male,Lexus,Korean,Once
868,Karilynn,Amott,kamotto3@indiatimes.com,Female,Subaru,Taiwanese,Seldom
869,Anette,Sevier,aseviero4@addtoany.com,Female,BMW,Laotian,Seldom
870,Irwin,Carillo,icarilloo5@scientificamerican.com,Male,Pontiac,Tohono O'Odham,Daily
871,Keri,McLarty,kmclartyo6@mlb.com,Female,Holden,Osage,Often
872,Trisha,Gohier,tgohiero7@issuu.com,Female,Suzuki,Colombian,Often
873,Grange,Keerl,gkeerlo8@ucoz.ru,Male,Volvo,American Indian,Weekly
874,Siusan,Garatty,sgarattyo9@google.fr,Female,Ford,Uruguayan,Often
875,Marion,Heaford,mheafordoa@123-reg.co.uk,Male,Mercedes-Benz,Chippewa,Yearly
876,Lorrie,Laye,llayeob@nba.com,Male,Hummer,Venezuelan,Never
877,Benson,Lansley,blansleyoc@pinterest.com,Male,Cadillac,Samoan,Often
878,Norby,Cluney,ncluneyod@pcworld.com,Male,Kia,Guamanian,Never
879,Devlin,Lemar,dlemaroe@cargocollective.com,Male,Eagle,Paiute,Often
880,Sherye,Bigham,sbighamof@cisco.com,Female,Chevrolet,Chickasaw,Monthly
881,Konrad,Cheevers,kcheeversog@yellowpages.com,Male,GMC,Central American,Weekly
882,Archer,Noyes,anoyesoh@state.gov,Male,Dodge,Cambodian,Daily
883,Idaline,MacDowall,imacdowalloi@nsw.gov.au,Agender,Honda,Guamanian,Yearly
884,Kean,Raittie,kraittieoj@toplist.cz,Male,Audi,Navajo,Monthly
885,Eldin,Cashley,ecashleyok@geocities.jp,Male,BMW,Chinese,Never
886,Colas,Paxman,cpaxmanol@reverbnation.com,Male,Nissan,Honduran,Seldom
887,Angelina,Houseman,ahousemanom@marketwatch.com,Female,Dodge,White,Weekly
888,Roland,Mayworth,rmayworthon@ox.ac.uk,Male,Chevrolet,Cambodian,Once
889,Ariana,Menzies,amenziesoo@istockphoto.com,Female,Chevrolet,Sri Lankan,Seldom
890,Selia,Lutwyche,slutwycheop@prnewswire.com,Female,Subaru,Tohono O'Odham,Yearly
891,Genny,Habin,ghabinoq@blinklist.com,Female,Audi,Peruvian,Yearly
892,Franklin,Pettinger,fpettingeror@mtv.com,Male,Dodge,Polynesian,Yearly
893,Priscella,Addess,paddessos@shinystat.com,Female,Maserati,Dominican (Dominican Republic),Yearly
894,Clayton,Connochie,cconnochieot@omniture.com,Male,Ford,Blackfeet,Seldom
895,Kikelia,Glancy,kglancyou@auda.org.au,Female,Ford,Comanche,Seldom
896,Homere,Rodolf,hrodolfov@usa.gov,Male,Mazda,Indonesian,Weekly
897,Romona,Wyvill,rwyvillow@hatena.ne.jp,Female,Dodge,Tlingit-Haida,Once
898,Gawain,Bracknall,gbracknallox@harvard.edu,Male,Pontiac,Creek,Yearly
899,Edward,Berkelay,eberkelayoy@creativecommons.org,Male,Toyota,Tohono O'Odham,Daily
900,Feodor,Lofts,floftsoz@live.com,Non-binary,Hyundai,Cherokee,Never
901,Afton,Cecchetelli,acecchetellip0@chronoengine.com,Female,Maybach,Laotian,Often
902,Hammad,Walas,hwalasp1@flavors.me,Male,Chrysler,Central American,Seldom
903,Kylie,McDuff,kmcduffp2@studiopress.com,Female,Chevrolet,Nicaraguan,Seldom
904,Tobe,Finnimore,tfinnimorep3@google.fr,Agender,Dodge,Malaysian,Often
905,Maurie,Kennedy,mkennedyp4@zimbio.com,Male,Pontiac,Chinese,Once
906,Curtice,Uppett,cuppettp5@imdb.com,Male,Lincoln,Tlingit-Haida,Monthly
907,Tilly,Walton,twaltonp6@sitemeter.com,Female,Jeep,Cheyenne,Daily
908,Thurstan,Flanner,tflannerp7@dmoz.org,Male,Toyota,Bolivian,Seldom
909,Pierce,Mayhew,pmayhewp8@shinystat.com,Male,Toyota,Potawatomi,Often
910,Basia,Mantram,bmantramp9@bigcartel.com,Female,Mazda,Guamanian,Seldom
911,Lew,Portigall,lportigallpa@zimbio.com,Male,Mercury,Crow,Monthly
912,Jock,Thatcher,jthatcherpb@fda.gov,Male,Kia,Apache,Often
913,Ruddy,Hyndman,rhyndmanpc@bloglines.com,Polygender,Chevrolet,Paiute,Never
914,Beatrice,Lamlin,blamlinpd@bbb.org,Female,Honda,Osage,Seldom
915,Tedda,Stidworthy,tstidworthype@army.mil,Female,Infiniti,Malaysian,Monthly
916,Vivien,Tether,vtetherpf@ask.com,Female,Saturn,American Indian and Alaska Native (AIAN),Never
917,Aeriell,Streatfeild,astreatfeildpg@hostgator.com,Female,Nissan,Tongan,Once
918,Frederik,Hindmoor,fhindmoorph@icq.com,Male,Lexus,Peruvian,Weekly
919,Vitia,Leighfield,vleighfieldpi@cloudflare.com,Female,Subaru,Samoan,Daily
920,Hollis,Kealey,hkealeypj@cpanel.net,Male,Mercedes-Benz,Dominican (Dominican Republic),Often
921,Charlot,Neill,cneillpk@comsenz.com,Female,Subaru,Cambodian,Weekly
922,Ame,Sellens,asellenspl@dailymotion.com,Female,Subaru,Cambodian,Daily
923,Gennie,Gillespie,ggillespiepm@techcrunch.com,Female,Lexus,Delaware,Weekly
924,Lotte,MacGilfoyle,lmacgilfoylepn@studiopress.com,Female,BMW,Spaniard,Monthly
925,Whitaker,Trenholme,wtrenholmepo@foxnews.com,Male,Saab,Argentinian,Yearly
926,Viola,O' Mara,vomarapp@geocities.com,Female,Mercedes-Benz,Crow,Once
927,May,De Meyer,mdemeyerpq@nba.com,Female,Mitsubishi,Alaska Native,Weekly
928,Niels,Jacobovitz,njacobovitzpr@flavors.me,Male,Chevrolet,Chilean,Never
929,Edna,Shouler,eshoulerps@tamu.edu,Female,Ford,Chinese,Daily
930,Tasia,Murrey,tmurreypt@ft.com,Female,Isuzu,Korean,Never
931,Hinze,Sizeland,hsizelandpu@thetimes.co.uk,Male,Ford,Tohono O'Odham,Weekly
932,Perren,Frowen,pfrowenpv@mashable.com,Male,Infiniti,Delaware,Never
933,Rutherford,Tuley,rtuleypw@123-reg.co.uk,Male,Ford,Bangladeshi,Weekly
934,Alphard,Skeel,askeelpx@jalbum.net,Male,Hyundai,Osage,Once
935,Darbee,Bebbington,dbebbingtonpy@soup.io,Male,GMC,Malaysian,Monthly
936,Julietta,Cobbold,jcobboldpz@sun.com,Female,Chevrolet,Native Hawaiian and Other Pacific Islander (NHPI),Daily
937,Colin,Morl,cmorlq0@microsoft.com,Male,Mazda,Crow,Once
938,Carmine,Saile,csaileq1@usgs.gov,Female,BMW,Spaniard,Seldom
939,Rikki,Rubens,rrubensq2@drupal.org,Female,Ford,Korean,Weekly
940,Garrot,Goodger,ggoodgerq3@diigo.com,Male,Mercedes-Benz,Iroquois,Never
941,Sharlene,Duetsche,sduetscheq4@quantcast.com,Female,Nissan,Iroquois,Monthly
942,Aloin,Drowsfield,adrowsfieldq5@blogs.com,Male,Ford,Bangladeshi,Daily
943,Julie,Cottier,jcottierq6@printfriendly.com,Female,Lexus,Guamanian,Daily
944,Joana,Elmore,jelmoreq7@gov.uk,Female,GMC,Chinese,Once
945,Batsheva,Eard,beardq8@mayoclinic.com,Female,Lexus,Guamanian,Once
946,Mohammed,Evason,mevasonq9@symantec.com,Male,Pontiac,Dominican (Dominican Republic),Often
947,Philly,Darben,pdarbenqa@independent.co.uk,Female,Cadillac,Paiute,Once
948,Gabrielle,Ager,gagerqb@pen.io,Female,Maserati,Samoan,Never
949,Chantalle,Quesne,cquesneqc@ftc.gov,Female,Mitsubishi,Lumbee,Never
950,Natal,Walters,nwaltersqd@opera.com,Male,Mazda,Central American,Weekly
951,Dana,Yurkevich,dyurkevichqe@mapy.cz,Male,Chrysler,Peruvian,Often
952,Renaud,Ilyunin,rilyuninqf@ask.com,Male,Chevrolet,Aleut,Monthly
953,Rand,Kalkofen,rkalkofenqg@rediff.com,Male,Volvo,Costa Rican,Seldom
954,Jaimie,Oldacres,joldacresqh@printfriendly.com,Female,Chrysler,Indonesian,Yearly
955,Stacey,Peagram,speagramqi@apple.com,Female,Oldsmobile,Cheyenne,Never
956,Townie,Sheehan,tsheehanqj@com.com,Male,Mitsubishi,Micronesian,Never
957,Magdaia,Tapley,mtapleyqk@cargocollective.com,Female,Chevrolet,South American,Never
958,Nestor,Cayzer,ncayzerql@nsw.gov.au,Male,Ford,Indonesian,Weekly
959,Jessie,Burgwyn,jburgwynqm@dailymotion.com,Male,Pontiac,Cree,Weekly
960,Alick,Dumbare,adumbareqn@disqus.com,Male,Oldsmobile,Yaqui,Yearly
961,Davide,Frowde,dfrowdeqo@ft.com,Male,Volvo,American Indian and Alaska Native (AIAN),Often
962,Colin,Vernazza,cvernazzaqp@woothemes.com,Male,Mercedes-Benz,White,Never
963,Alejandro,Ellingsworth,aellingsworthqq@nbcnews.com,Male,Hummer,Yuman,Daily
964,Cosmo,Dykas,cdykasqr@vkontakte.ru,Male,Volvo,Nicaraguan,Monthly
965,Witty,Likely,wlikelyqs@omniture.com,Male,Mazda,Alaskan Athabascan,Often
966,Fran,Opfer,fopferqt@sitemeter.com,Female,Chevrolet,Cuban,Often
967,Andria,Gemnett,agemnettqu@networksolutions.com,Female,Dodge,Uruguayan,Never
968,Win,Falconbridge,wfalconbridgeqv@chron.com,Male,Mercedes-Benz,Salvadoran,Once
969,Robb,Guarin,rguarinqw@slashdot.org,Male,Chevrolet,Puget Sound Salish,Daily
970,Etheline,Gwinnell,egwinnellqx@people.com.cn,Female,Toyota,Cuban,Once
971,Artair,Rubery,aruberyqy@about.me,Male,Volvo,Filipino,Once
972,Marven,Braunle,mbraunleqz@tuttocitta.it,Male,Jeep,Asian Indian,Weekly
973,Drugi,Heaseman,dheasemanr0@examiner.com,Bigender,Chevrolet,Japanese,Monthly
974,Sisile,Glew,sglewr1@reuters.com,Female,GMC,Thai,Often
975,Chelsy,Pales,cpalesr2@mozilla.com,Female,Lotus,Korean,Once
976,Alyda,MacGiolla,amacgiollar3@indiatimes.com,Female,Nissan,Bolivian,Seldom
977,Ezekiel,Asher,easherr4@latimes.com,Male,Ford,Peruvian,Often
978,Madelina,Greeve,mgreever5@yale.edu,Genderqueer,Ford,Tongan,Once
979,Clemmy,Cottem,ccottemr6@ow.ly,Male,Isuzu,Blackfeet,Never
980,Tobias,Wallicker,twallickerr7@google.com,Male,Chevrolet,Puerto Rican,Seldom
981,Fulton,Pantin,fpantinr8@slashdot.org,Male,Mitsubishi,Creek,Yearly
982,Jobey,Ruppel,jruppelr9@free.fr,Polygender,Toyota,Kiowa,Seldom
983,Paulie,Gwioneth,pgwionethra@studiopress.com,Male,Toyota,Cheyenne,Seldom
984,Lauryn,Willoway,lwillowayrb@earthlink.net,Non-binary,Pontiac,Yuman,Monthly
985,Sharleen,MacDuffie,smacduffierc@myspace.com,Female,Dodge,Japanese,Often
986,Fons,Delyth,fdelythrd@about.com,Male,Toyota,Peruvian,Once
987,Constantina,Borgnol,cborgnolre@auda.org.au,Female,Chevrolet,Tohono O'Odham,Monthly
988,Sheeree,Tudgay,studgayrf@tuttocitta.it,Female,GMC,Eskimo,Never
989,Pavlov,Tirrey,ptirreyrg@mtv.com,Male,Chevrolet,Puerto Rican,Monthly
990,Lauren,Simonds,lsimondsrh@weebly.com,Female,GMC,Guatemalan,Once
991,Barry,Skeggs,bskeggsri@artisteer.com,Male,Hyundai,Uruguayan,Daily
992,Kimball,Brazelton,kbrazeltonrj@lulu.com,Male,Mitsubishi,Potawatomi,Never
993,Consuelo,Lemerie,clemerierk@admin.ch,Female,Ford,Choctaw,Monthly
994,Hanna,Haskell,hhaskellrl@seesaa.net,Female,Bentley,Sri Lankan,Weekly
995,Austina,Barnsdale,abarnsdalerm@whitehouse.gov,Female,Chevrolet,Micronesian,Once
996,North,Bromilow,nbromilowrn@engadget.com,Male,Porsche,Asian,Often
997,Georgeta,Klosges,gklosgesro@bloglovin.com,Female,Dodge,Hmong,Weekly
998,Melli,Tompkin,mtompkinrp@whitehouse.gov,Female,Volkswagen,Chamorro,Once
999,Keven,Whoolehan,kwhoolehanrq@msu.edu,Genderqueer,GMC,Cambodian,Often
1000,Ban,Rudolf,brudolfrr@blinklist.com,Male,Lexus,Honduran,Daily
